key,ko,en,jp
BAPP_TITLE,도지사운드클럽,DogeSoundClub,DogeSoundClub
FOOTER_DESC,"주식회사 디에스씨레이블 | 대표이사 :권태홍 | 사업자번호 :838-86-02498 | 개인정보보호책임자:권태홍\n주소: 서울시 성동구 아차산로5길 26, 802호 | support@dsclabel.co.kr","주식회사 디에스씨레이블 | 대표이사 :권태홍 | 사업자번호 :838-86-02498 | 개인정보보호책임자:권태홍\n주소: 대전광역시 유성구 대학로 82, 5층 505호 | support@dsclabel.co.kr","주식회사 디에스씨레이블 | 대표이사 :권태홍 | 사업자번호 :838-86-02498 | 개인정보보호책임자:권태홍\n주소: 대전광역시 유성구 대학로 82, 5층 505호 | support@dsclabel.co.kr"
HOME_TITLE,Welcome to Doge Sound Club!,Welcome to Doge Sound Club!,Welcome to Doge Sound Club!
HOME_DESC,도지사운드클럽은 NFT를 이용한 거버넌스로 운영되는 NFT 수집가들의 사교 모임입니다.\nMATES를 이용해서 클럽에 가입하고 투표할 수 있습니다.,"Doge Sound Club is a social gathering of NFT collectors
operated by NFT governance. \nYou can use MATES to join the club and vote.","都知事サウンドクラブは、NFTを利用したガバナンスによって運営されるNFTコレクターによる社交の集まりです。\n
MATESを利用してクラブに加入し、投票することができます。"
HOME_DOGE_SOUND_WINNER_MINT_BUTTON,우승자 NFT 민팅하기,NFT Minting for Winner
HOME_DOGE_SOUND_WINNER_TITLE,제 {number}회 개소리 우승자 🐶🐕👻,{number}th Doge Sound Winner 🐶🐕👻,第{number}回犬猿の優勝者 🐶🐕👻
HOME_DOGE_SOUND_WINNER_DESC1,Announcing the {number}th best Doge Sound!,Announcing the {number}th best Doge Sound!,Announcing the {number}th best Doge Sound!
HOME_DOGE_SOUND_WINNER_WARNING,* 주의 : 위는 탈중앙화된 방식으로 DSC 홀더들에게 최다 득표를 받은 문구가 자동으로 표시된 것입니다. DSC 개발팀의 뜻과 무관할 수 있습니다.,"* Note: The text that received the most votes from DSC holders is automatically displayed. The voting is in a decentralized way. Thus, It may be irrelevant to the will of the DSC development team.",*注:上は脱中央化された方式でDSCホルダーらに最多得票を受けた文句が自動的に表示されたものです。DSC開発チームの意思と無関係することができます。
HOME_DOGE_SOUND_WINNER_POPUP,경연 우승자만이 우승작을 NFT로\n 민팅할 수 있습니다,Only the winner can mint the winning piece with NFT
HOME_FEATURES_TITLE,도지사운드클럽 특징 👻😻🐕,DOGE SOUND CLUB FEATURES 👻😻🐕,ドッジサウンドクラブの特徴 👻😻🐕
HOME_FEATURES_TITLE1,우리는 개소리에 진심인 자들입니다,We are serious about Kak talk,私たちは犬の鳴き声に本気なのです。
HOME_FEATURES_DESC1,약 4주마다 스마트 컨트랙트를 이용해 최고의 도지사운드(개소리)를 선정합니다.,"Every two weeks, we use a smart contract to select the Kak talk. Every two weeks, we use a",2週間ごとにスマートコントラクトを利用して最高の都知事サウンド(犬の鳴き声)を選定します。
HOME_FEATURES_TITLE2,우리는 암호화폐를 좋아합니다 ,We love cryptocurrencies,私たちは仮想通貨が好きです.
HOME_FEATURES_DESC2,특히 새로운 도전들에 대한 이야기를 좋아합니다.,We especially like to talk about new challenges. obsession with capital along with,特に新しい挑戦に対する話が好きです.特に新しい挑戦に対する話が好きです.
HOME_FEATURES_TITLE3,우리는 음악를 좋아합니다,We love music. Likes,私たちは音楽が好きです
HOME_FEATURES_DESC3,음악은 개소리와 함께 자본에 대한 집착을 환기하는 수단이 됩니다. dsc 개발팀은 DJ SET과 로우파이 비디오를 업로드합니다.,Music is a means of having us refreshed from our obsession with capital along with Kak,音楽は犬の鳴き声とともに資本への執着を喚起する手段になります。 dsc開発チームはDJ SETとロー
HOME_BUY_MATE_TITLE,BUY MATE,BUY MATE,BUY MATE
HOME_BUY_MATE_DESC1,메이트는 세계 최대 NFT 거래소인 OPENSA에서 구매할 수 있습니다. 국내 MIX 기반 거래소인 KLUBS에서도 구매할 수 있습니다.,"Mate can be purchased at OPENSA, the world's largest NFT exchange. It can also be purchased at KLUBS, a domestic MIX-based exchange.",メイトは、世界最大のNFT取引所であるOPENSAから購入できます。 韓国MIXベースの取引所KLUBSでも購入できます。
HOME_BUY_MATE_DESC2,최근에 메이트를 불법 복제한 스캠(사기) 컬렉션이 많습니다. 메이트의 공식 Opensea의 공식 주소는 https://opensea.io/collection/dogesoundclub-mates입니다.\n주소를 꼭 확인하시고 스캠(사기) 컬렉션에 주의하시기 바랍니다.,"Recently, there are many false NFTs that replicate mates. The official OpenC address is https://opensea.io/collection/dogesoundclub-mates.
Please make sure to check the address and be careful about the fraudulent project.","最近では，ペアを複製する偽NFTが多くある OpenCの公式アドレスはhttps://opensea.io/collection/dogesoundclub-matesである.
住所を必ず確認して不正なプロジェクトにご注意ください。"
HOME_NFT_TITLE,NFT - DOGESOUNDCLUB MATES 😜😘💻,NFT - DOGESOUNDCLUB MATES 😜😘💻,NFT - DOGESOUNDCLUB MATES 😜😘💻
HOME_NFT_DESC1,"DSC MATES는 컴퓨터 프로그램으로 생성된 10,000개의 24*24 픽셀 아트 캐릭터입니다. NFT(암호화폐의 한 규격)로 발행되어 이들에 대한 소유권을 쉽게 거래할 수 있습니다.","DSC MATES are 10,000 computer program generated 24*24 pixel art
characters. They are issued as NFTs, making it easy to trade ownership of them.","DSC MATESは、コンピュータプログラムで生成された10,000個の24*24ピクセルアートキャラクターです。 NFT(暗号通貨の規格)として発行され、これらに対する所有権を容易に取引することができます。"
HOME_NFT_BUTTON1,자세한 내용보러 가기,Go to see more about NFT,詳細を見に行く
HOME_NFT_BUTTON2,이걸로 무엇을 할 수 있나요?,What can you do with this?,これで何ができますか?
HOME_NFT_DESC2,메이트는 오픈씨(세계 최대 NFT 거래소)에서 구입할 수 있습니다.,(the world's largest NFT marketplace),メイトはオープンシー（世界最大のNFT取引所）で購入できます。
HOME_NFT_BUTTON3,OPENSEA로 이동,Go to OPENSEA,OPENSEAに移動
HOME_MISSION_TITLE,사명 😜💻🏁,MISSION 😜💻🏁,使命 😜💻🏁
HOME_MISSION_TITLE1,DSC의 사명은 NFT에 기반한 거버넌스를 통해 사회에 선한 영향력을 결집하는 것 입니다.,We are serious about Kak talk,DSCの使命はNFTに基づいたガバナンスにより社会に宣した影響力を結集することにあります。
HOME_MISSION_DESC1,각 NFT는 고유 번호를 가지고 있습니다. 이는 마치 신분증들이 고유번호를 가지고 있는 것과 흡사합니다. NFT가 사람들의 뜻을 결집시키는 효과적인 수단이라는 것을 도지사운드클럽이 증명코자 합니다.,"DSC MATES are 10,000 computer program generated 24*24 pixel art characters. They are issued as NFTs, making it easy to trade ownership of them. DSC MATES are 10,000 computer program generated 24*24 pixel art characters. They are issued as NFTs, making it easy to trade ownership of them.",DSCの使命はNFTに基づいたガバナンスにより社会に宣した影響力を結集することにあります。 DSCの使命はNFTに基づいたガバナンスにより社会に宣した影響力を結集することにあります。 DSCの使命はNFTに基づいたガバナンスにより社会に宣した影響力を結集することにあります。
HOME_TEAM_TITLE,TEAM 😏🤗🤔,TEAM 😏🤗🤔,TEAM 😏🤗🤔
HOME_TEAM_TITLE1,ARVITOR (Manager),ARVITOR (Manager),ARVITOR (Manager)
HOME_TEAM_DESC1,개소리가 서투른 개소리클럽 매니저,I made a program to assemble pictures. I want to become a super collector.,図を組み合わせるプログラムを作成しました。 スーパーコレクターになりたいです。
HOME_TEAM_TITLE2,HANUL (Dev),HANUL (Dev),HANUL (Dev)
HOME_TEAM_DESC2,블록체인 프로그래밍 종결자,The virtuoso of blockchain programming. I want to become a super collector.,図を組み合わせるプログラムを作成しました。 スーパーコレクターになりたいです。
HOME_TEAM_TITLE3,YONG JIN (Artist),YONG JIN (Artist),YONG JIN (Artist)
HOME_TEAM_DESC3,"특기는 3D지만, DSC에서는 픽셀과 복셀을 주로 그립니다.",I drew illustrations and MATES. I want to become a super collector.,図を組み合わせるプログラムを作成しました。 スーパーコレクターになりたいです。
HOME_PARTNERSHIP_TITLE,PARTNERSHIP 🏖🏛💿,PARTNERSHIP 🏖🏛💿,PARTNERSHIP 🏖🏛💿
HOME_PARTNERSHIP_GOVERNANCE_TITLE,GOVERNANCE PARTNERSHIP,DSC COMMUNITY PARTNERSHIP,DSC COMMUNITY PARTNERSHIP
HOME_PARTNERSHIP_LABEL_TITLE,DSC LABEL PARTNERSHIP,DSC LABEL PARTNERSHIP,DSC LABEL PARTNERSHIP
HOME_CONTACT_TITLE,CONTACT ⌚️☎️📠,CONTACT ⌚️☎️📠,CONTACT ⌚️☎️📠
HOME_CONTACT_DESC11,dogesoundclub @ gmail.com,dogesoundclub @ gmail.com,dogesoundclub @ gmail.com
HOME_TWEETS_TITLE,TWEETS 😊😍💕,TWEETS 😊😍💕,TWEETS 😊😍💕
GALLERY_TITLE,GALLERY 🖼🖌,GALLERY 🖼🖌,GALLERY 🖼🖌
GALLERY_SEARCH_INPUT,ID/이름 검색,Search ID/Name,ID/名前検索
GALLERY_SEARCH_BUTTON,검색,Search,検索
GALLERY_RESET_FILTER_BUTTON,필터 초기화,RESET FILTERR SETTING,フィルタ初期化
FOLLOW_ME_TITLE,FOLLOW ME 💗😍,FOLLOW ME 💗😍,FOLLOW ME 💗😍
FOLLOW_ME_DESC,"귀하가 보유한 메이트에게 트위터, 인스타그램 아이디를 남기면 아래 명단에 등록됩니다. 소셜 미디어의 프로필 사진을 메이트로 변경하고, 아래 명단의 트위터들을 팔로우 해보세요. 그들은 당신이 같은 커뮤니티의 일원임을 알아차리고 당신의 소셜 미디어 진출을 돕기 위해, 맞팔로우를 해줄 것입니다.","If you leave a Twitter or Instagram ID for your mate, they will be registered on the list below. Change your social media profile picture to Mate, and follow the Twitter list below. They will recognize that you are part of the same community and will follow you back to help you adapt on social media.",保有するメイトにツイッター、インスタグラムIDを残すと、以下のリストに登録されます。 ソーシャルメディアのプロフィール写真をメイトに変更して、以下のリストのツイッターをフォローしてみてください。 彼らはあなたが同じコミュニティの一員であることに気付き、ソーシャルメディアへの進出を助けるためにフォローをするでしょう。
JOIN_CLUB_TITLE,Join the Club,Join the Club,Join the Club
JOIN_CLUB_DESC,당신의 메이트를 얻으려면 OpenSea에서 확인하세요.,"This is only open to DSC members. 
To get your Mate, check out on OpenSea.","これはDSCメンバーにだけ公開されています。 
メイトを手に入れるには、OpenSeaでチェックしてください。"
JOIN_CLUB_BUTTON,▶ Buy a Mate on Opensea,▶ Buy a Mate on Opensea,▶ Buy a Mate on Opensea
MATE_TITLE,MATES 🐩🐶🤑,MATES 🐩🐶🤑,MATES 🐩🐶🤑
MATES_TITLE1,DSC MATEES란 무엇입니까?,What is DSC MATES?,DSCMATESとは何ですか。
MATES_DESC1,"- DSC MATES는 1만 개의 다양한 문자로 구성된 24*24 픽셀 아트입니다.\n- 약 90여 개의 특성들이 조합되어 생성된 10,000명의 각기 다른 서로 다른 외모를 가진 디지털 친구(MATE)입니다. 똑같은 것은 없습니다. 특성에 따른 메이트 정보는 본 사이트 갤러리에서 확인할 수 있습니다.\n- 10,000마리의 메이트은 모두 같은 조건에서 무작위로 생성되었다. 인위적으로 희귀한 것은 없다.","- DSC MATES are 24*24 pixel art with 10,000 different characters, all with different shapes.
- 10 faces and over 80 traits were combined to create 10,000 different looking mates. Nothing is the same. Mate information according to characteristics can be viewed in the gallery of this website.
- All 10,000 mates were randomly generated under the same conditions. Nothing is artificially rare.","-DSCMATESは、10,000文字の異なる24*24ピクセルアートで、すべて異なる形状をしています。
-10個の顔と80個以上の特徴が組み合わさって、10,000個の異なる外見の仲間を生み出しました。 何も同じではない。 特徴に応じたメイト情報は当サイトのギャラリーでご覧いただけます。
-1万人のメイトが同じ条件下でランダムに生成されました。 人為的に珍しいものはない。"
MATES_TITLE2,소유권(NFT 초보자를 위한 설명),Ownership (Explanation for NFT beginners),オーナーシップ（NFT初心者向け説明）
MATES_DESC2,"메이트의 소유권 정보는 클레이튼 체인에 기록되어 있습니다.
메이트의 원활한 소유권 거래를 위해, 10,000개의 암호화폐가 발행되었습니다. 이 10,000개의 암호화폐들은 각각 0에서 9999 사이의 고유한 숫자를 가지고 있습니다. 1개의 메이트는 고유 번호를 가진 1개의 암호화폐(NFT)에 연결되어 있습니다. 따라서 누군가가 자신의 암호화폐 지갑에 DSC MATES 정보가 담긴 13번 암호화폐를 가지고 있다면, 그는 메이트 13번의 확실한 소유자임을 증명할 수 있습니다. 이와 같은 암호화폐와 메이트 정보의 연결고리는 불변이다.
이와 같은 소유권 증명 방식은 기존 암호화폐 기술과 같은 개념에서 출발합니다.","Ownership information for Mate is recorded on the Klaytn blockchain.
We issued 10,000 cryptocurrencies for a smooth ownership transaction. These 10,000 indivisible cryptocurrencies each have a unique number from 0 to 9999. One mate is linked to one cryptocurrency with a unique number. Therefore, if you have cryptocurrency number 13 with DSC MATES information in your cryptocurrency wallet, it proves that you are the clear owner of mate number 13. The connection between cryptocurrency and mate is immutable.
This type of proof of ownership has the same fundamentals as cryptocurrency technology's. Since no one can manipulate it, it enables secure transactions without third-party intermediaries.","クレイトンブロックチェーンには、メイトの所有権情報が記録されている。
円滑な所有権取引のために1万個の仮想通貨を発行しました。 この10,000個の分割できない仮想通貨はそれぞれ0から9999までの固有の数字を持っている。 相手1人が固有の番号を持つ仮想通貨1つと連動する。 したがって、暗号通貨ウォレットにDSCMATES情報が入った暗号通貨13号があれば、自分が暗号通貨13号の明確な所有者であることを証明する。 仮想通貨とメイトのつながりは不変だ。
このような所有証明書は、仮想通貨技術のような基礎を持っている。 誰も操作できないため、サードパーティの仲介者がいなくてもセキュアなトランザクションが可能になります。"
MATES_TITLE3,수많은 발행 토큰 중 특정 토큰이 오리지널 DSC MATEES임을 아는 방법,How to know that a specific token is original DSC MATES among countless issued tokens,無数の発行済みトークンのうち、特定のトークンが元のDSCMATESであることを確認する方法
MATES_DESC3,"누구나 계약을 통해 10,000개의 토큰을 만들 수 있습니다. 따라서 수많은 계약 토큰 중 어느 것이 오리지널 DSC MATES인지 확인할 필요가 있습니다.

배포된 DSC MATE 컨트랙트에는 아래 두 가지 변수가 저장되어 있습니다.
1. 해시 : 6110b42d1575f2bf80a98cb6ce7d6743f249b6ee2be08467487c12f5f95753
2. ipfs : QmfTimyAQTQjQsnvECn9U44LdnPzSDF2XREoP2WFdjHitQ

1은 10,000명의 메이트를 모두 포함하는 원래 dscmate.png(위의 sha256 해시)입니다. 원본 파일이 sha256으로 변환될 때만 얻을 수 있는 값입니다. 파일의 해시값이 나오지 않으면 정품 복사본이 아닙니다. (리눅스의 ""openssl dgst -sha256 dscmetes.png""를 통해 위 그림의 해시를 생성해 보십시오.) 무분별한 복제로 인해 이 해시값을 가진 계약이 여러 건이라면 그 중 가장 먼저 만들어진 것이 원본이다. 당신은 이 계약서에 포함된 토큰만 교환하면 됩니다.

2번은 단일 서버가 원본 이미지를 잃어버리지 않도록 원본 이미지를 배포하고 저장한 키(ID)다.
아래 버튼을 누르면 분산되어 있는 DSC 메이트 사본을 찾아볼 수 있습니다.","Anyone can create 10,000 tokens through the contract. Therefore, it is necessary to check which of the countless contract tokens represents the original DSC MATES.

The DSC MATES contract stores two variables.
1. hash : 6110b42d1575f2bfb80a98cb6ce7d6743fa249b6ee2be08467487c12f5f95753
2. ipfs : QmfTimyAQTQjQsnvECn9U44LdnPzSDF2XREoP2WFdjHitQ

1 is the sha256 hash of the original dscmates.png (shown above) containing all 10,000 mates. This is a value that can only be obtained when the original file is converted to sha256. If the hash value for the file does not come out, it is not an authentic copy. (Try to generate the hash of the above figure through ""openssl dgst -sha256 dscmates.png"" in Linux.) If there are multiple contracts with this hash value due to reckless duplication, the first one created among them is the original. You only need to trade the tokens contained in this contract.

No.2 is the key (ID) that distributed and stored the original image to prevent a single server from losing the original image.
Below If you press the button, you can browse the distributed copy of dsc mates.","契約を通じて誰でも1万個のトークンを作ることができる。 したがって、無数の契約トークンのうち、どれが元のDSCMATESを表しているかを確認する必要があります。

DSCMATES契約には、2つの変数が格納されます。
1.ハッシュ:6110b42d1575f2bfb80a98cb6ce7d6743fa249b6ee2be08467487c12f5f95753
2.ipfs:QmfTimyAQTQjQsnv（AQTQjQsnv）ECn9U44LdnPzSDF2XREoP2WFdjヒットキュー

1は、10,000個のメイトすべてを含む元のdscmates.png（上記参照）のsha256ハッシュです。 これは、元のファイルをsha256に変換した場合にのみ取得できる値です。 ファイルのハッシュ値が出力されない場合は、正規のコピーではありません。 （Linuxでは、「opensslDGst-sha256dscmates.png」を使用して上記の図のハッシュを生成してください）。 無謀な重複により、このハッシュ値と複数の契約がある場合、その中で最初に作成された契約がオリジナルです。 あなたはこの契約書に含まれているトークンだけを取引すればいいです。

No.2は、1台のサーバが元のイメージを失わないように、元のイメージを配布して保存したキー（ID）です。
下のボタンを押すと、dscmateの配布されたコピーを参照できます。"
MATES_BUTTON,VIEW DSC MATES,VIEW DSC MATES,VIEW DSC MATES
MATES_DETAIL_TITLE,MATE {id},MATE {id},MATE {id}
MY_MATE_TITLE,MY MATE 💕💰💸,MY MATE 💕💰💸,MY MATE 💕💰💸
MY_MATE_WALLET_ADDRESS,WALLET ADDRESS,WALLET ADDRESS,WALLET ADDRESS
HOLDER_DISCORD_CERTIFICATION_TITLE,HOLDER CERTIFICATION WITH DISCORD,HOLDER CERTIFICATION WITH DISCORD,不協和音付きホルダー証明書
HOLDER_DISCORD_CERTIFICATION_DESC,Discord 홀더 인증을 통해 더욱 진솔한 개소리와 고급 정보를 공유하세요,"Mate can be purchased at OPENSEA, the world's largest NFT exchange. It can also be purchased at KLUBS, a domestic MIX-based exchange.",Share more authenticity and advanced information with Discord holder certification.
HOLDER_DISCORD_CERTIFICATION_BUTTON,Discord 홀더 인증,HOLDER CERTIFICATION WITH DISCORD,Discordホルダー認証を通じてさらに率直な犬の鳴き声と高級情報を共有してください。
MATE_DETAIL_TITLE,MATE #{id},MATE {id},MATE {id}
MATE_DETAIL_MIX_ACCOUNT_TITLE,메이트에 쌓여있는 MIX : {amount},The mix on the mate: {count},メイトに溜まっているMIX: {count}
MATE_DETAIL_BUTTON,오픈씨에서 확인하기,SEE THIS MATE ON OPENSEA,
MATE_DETAIL_TITLE1,메이트 #{id}에게 남겨진 메시지들📝✍🏻✏️,MESSAGE LEFT FOR MATE #{id} 📝✍🏻✏️,MATE#{id}に残されたメッセージ 📝✍🏻✏️
MATE_DETAIL_TABLE_TITLE1,BLOCK#,BLOCK#,BLOCK#
MATE_DETAIL_TABLE_TITLE2,NAME,NAME,NAME
MATE_DETAIL_TABLE_TITLE3,MSG,MSG,MSG
MATE_DETAIL_TABLE_TITLE4,HOLDER ADDRESS,HOLDER ADDRESS,HOLDER ADDRESS
MATE_DETAIL_TABLE_BUTTON,메이트 전송하기,TRANSFER MATE,TRANSFER MATE
MATE_DETAIL_NAMING_TITLE,메이트 이름 짓기 📛🐶😊,NAME YOUR MATE 📛🐶😊,相手に名前を付ける 📛🐶😊
MATE_DETAIL_NAMING_DESC1,당신의 메이트에게 이름을 지어주세요. 아직 메이트의 이름이 없다면 기름값만 지불하고 이름을 지어주시면 됩니다. 하지만 변경을 하시려면 10마이크를 내셔야 합니다. 당신은 다른 동료와 같은 이름을 사용할 수 없습니다. 또한 메이트 이름을 삭제하려면 20 믹스가 필요합니다. 그리고 그 친구의 이름이 갤러리에 전시되어 있습니다.,"Please give your mate a name your mate. If you don't have a name for your mate yet, you can pay only for the gas and give him a name it. But to make a change, you have to pay 10 mix. You can't use the same name as any other mate. Also, 20 mix is required to delete the mate name. And the name of the mate is displayed in the gallery.",あなたの友達にあなたの友達の名前をつけてください。 まだ相手の名前がないなら、ガス代だけ払って名前をつけることができます。 しかし、変化を起こすためには、マイク10個を支払わなければなりません。 他の相手と同じ名前を使うことはははははははははははははははは。 また、メイト名を削除するには20のミックスが必要です。 そしてギャラリーに配偶者の名前が表示されます。
MATE_DETAIL_NAMING_INPUT,메이트의 이름을 지어주세요,Please enter your Mate name.,相手の名前を入力してください。
MATE_DETAIL_NAMING_DESC2,"나는 메이트 이름을 변경하려면, 10믹스를 지불해야 하고, 이름을 삭제하려면 20믹스를 지불해야 한다는 사실을 잘 이해하고 있으며 동의합니다. 나는 제출된 이름과 같이 제출된 정보(제출 당시 메이트 소유주의 지갑 주소 등) 공개에 따른 모든 책임을 온전히 홀로 지는 것에 동의합니다. 나는 클레이튼 블록체인에 접속하기 위해 내가 선택한 이 도구와 관련하여 어떤 책임도 타인에게 물을 수 없다는 것에 대해 동의합니다.","I understand and agree that if you want to change your mate's name, you have to pay 10 mix, and if you want to delete your name, you have to pay 20 mix. I agree to take full responsibility for the disclosure of the submitted information (such as the wallet address of the mate owner at the time of submission) alone. I agree that I cannot hold anyone responsible for this tool I chose to access the Clayton blockchain.",相手の名前を変えたいなら10micsを、名前を削除したいなら20micsを払わなければならないということを理解し、同意します。 提出された情報（提出時のメイトオーナーのウォレットアドレスなど）の開示についてのみ、私は全責任を負うことに同意します。 Claytonブロックチェーンにアクセスするために選択したこのツールの責任を誰にも負わせられないことに同意します。
MATE_DETAIL_NAMING_BUTTON1,제출하기,SUBMIT,サミット
MATE_DETAIL_NAMING_BUTTON2,메이트 이름 삭제,Delete your mate's name,相手の名前を削除する
MATE_DETAIL_SNS_TITLE,소셜 정보 추가하기 ℹ️🎖📻,ADD MY SOCIAL MEDIA INFO ℹ️🎖📻,ソーシャルメディア情報の追加 ℹ️🎖📻
MATE_DETAIL_SNS_DESC1,"귀하가 보유한 메이트에게 트위터, 인스타그램 아이디를 남길 수 있습니다. 아이디를 남기면 Follow Me 명단에 등록되며, 오픈씨 디스크립션을 통해 노출됩니다. 소셜 미디어의 프로필 사진을 메이트로 변경하고, Follow Me 명단의 트위터들을 팔로우 해보세요. 그들은 당신이 같은 커뮤니티의 일원임을 알아차리고 당신의 소셜 미디어 진출을 돕기 위해, 맞팔로우를 해줄 것입니다.","If you leave a Twitter or Instagram ID for your mate, they will be registered on the list below. Change your social media profile picture to Mate, and follow the Twitter list below. They will recognize that you are part of the same community and will follow you back to help you adapt on social media.",TwitterやInstagramのIDを相手に残すと、以下のリストに登録されます。 ソーシャルメディアのプロフィール写真をMateに変更し、以下のTwitterリストに従ってください。 彼らはあなたが同じコミュニティの一員であることを認識し、ソーシャルメディアへの適応を助けるためにあなたについてくるだろう。
MATE_DETAIL_TWITTER_INPUT,트위터 ID를 입력해주세요,Please enter your Twitter ID.,TwitterIDを入力してください。
MATE_DETAIL_INSTA_INPUT,인스타그램 ID를 입력해주세요,Please enter your Instagram ID.,インスタグラムのIDを入力してください。
MATE_DETAIL_SNS_DESC2,"* 저장 버튼을 클릭하면 이 웹 사이트 및 다른 플랫폼을 통한 소셜 미디어 계정 이름 공개에 동의하게 됩니다. 이 인터페이스는 Klaytn에 접속하기 위한 편리한 도구일 뿐이며, 나의 서명에 따른 거래 결과에 대한 책임은 전적으로 나에게 있습니다.","* By clicking the Save button, you agree to the disclosure of your social media account name through this website and other platforms. This interface is merely a convenient tool for accessing Klaytn, and I am solely responsible for the results of transactions resulting from my signature.",*「保存」ボタンをクリックすることにより、本サイトおよびその他のプラットフォームにおけるソーシャルメディアアカウント名の公開に同意したものとみなされます。 このインターフェイスは、Klaytnにアクセスするための便利なツールに過ぎず、署名によるトランザクションの結果については、私の責任だけです。
MATE_DETAIL_SNS_BUTTON,저장하기,SAVE,保存
MATE_DETAIL_MESSAGE_FORM_TITLE,MATE_DETAIL_MESSAGE_FORM_TITLE 📮😺👍,MATE_DETAIL_MESSAGE_FORM_TITLE 📮😺👍,MATE_DETAIL_MESSAGE_FORM_TITLE 📮😺👍
MATE_DETAIL_MESSAGE_FORM_DESC1,당신이 가지고 있는 MATE들에게 메시지를 남길 수 있습니다. 여러분은 하루에 한 번 짧은 일기나 메모를 남길 수 있습니다. 조심하세요! 일단 제출되면 일기는 클레이튼 블록체인에 기록돼 개발팀이 지울 수 없다. 어두운 이력을 남기지 않기 위해서는 신중해야 할 것이다. 그 일기는 다른 사람이 읽을 수 있습니다.,"You can leave a message to the MATEs you have. You can leave a short diary or note once a day. be careful! Once submitted, the diary is recorded on the Klaytn blockchain and cannot be erased by the development team. In order not to leave your dark history, you will have to be cautious. The diary can be read by others.",持っているMATEにメッセージを残すことができます。 一日に一度、短い日記やメモを残してもいいです。気をつけてください！ 一度提出すれば、クレイトンブロックチェーンにダイアリーが記録され、開発チームが消すことはできない。 暗い歴史を残さないためには気をつけなければならない。 その日記は他の人が読むことができる。
MATE_DETAIL_MESSAGE_FORM_INPUT,MSG THAT I WILL LEAVE,MSG THAT I WILL LEAVE,残すMSG
MATE_DETAIL_MESSAGE_FORM_DESC2,"일지를 제출한 블록체인은 조작이 불가능한 성격으로 알고 있다. 제출된 메시지, 제출 당시 MATE의 성명, 제출 당시 MATE 소유자의 지갑 주소 등 제출된 정보의 공개에 대한 모든 책임을 지는 것에 동의합니다. 내가 클레이튼 블록체인에 접속하기 위해 선택한 이 툴에 대해 책임을 물을 수 없다는 것에 동의한다.","I understand the nature of the blockchain that submitted diaries cannot be manipulated. I agree to assume all responsibility for the disclosure of submitted information, such as submitted messages , name of MATE at the time of submission and wallet address of owner of mate at the time of submission). I agree that I cannot hold anyone responsible for this tool I have chosen to access the Klaytn Blockchain.",ダイアリーを提出したブロックチェーンの特性は操作できないと理解しています。 提出されたメッセージ、提出時のMATE名、提出時のMATE所有者のウォレットアドレスなど、提出された情報の開示に関するすべての責任を負うことに同意します。 私がクレイトンブロックチェーンにアクセスするために選択したこのツールに対して、誰にも責任を負わせないことに同意します。
MATE_DETAIL_MESSAGE_FORM_BUTTON,제출하기,SUBMIT,サミット
ACTIVITIES_TITLE,ACTIVITIES 📑🗂💼,ACTIVITIES 📑🗂💼,ACTIVITIES 📑🗂💼
ACTIVITIES_DESC,DSC는 DSC의 정체성에 부합하는 여러 컨텐츠들을 제공합니다.,DSC provides club activities suitable for DSC identity. We are making fresh attempts using the issued NFT.,DSCは、所有者が独自のコミュニティやチャネルを構築し、成長することを積極的に奨励し、支援します。 以下のリストは、これまでに登録されたホルダーのチャネルリストです。
ACTIVITIES_TITLE1,DSC Family,DSC Family 👩‍❤️‍💋‍,DSC Family 👩‍❤️‍💋‍
ACTIVITIES_DESC1,우리는 DSC Family 입니다. 개인의 채널/유튜브 등을 서로 공유하여 Family 만의 특권을 누리세요.,"Dsc, holder, or channel to build and grow their own independent community is strongly recommended and support to.Channel list of the registered holder, so far is the list below.",独自のコミュニティを構築し、成長させるために、Dsc、ホルダー、またはチャネルを強く推奨し、サポートします。登録所有者のチャネルリスト、これまでのリストは以下のとおりです。
ACTIVITIES_TITLE2,MY MATES,MY MATES,MY MATES
ACTIVITIES_DESC2,아직 메이트에 이름이 없다면 가스비만 지불하고 이름을 지어줄 수 있습니다.,"Please give your mate a name your mate. If you don't have a name for your mate yet, you can only pay for the gas and name it.",あなたの友達にあなたの友達の名前をつけてください。 まだ相手の名前がない場合は、ガス代と名前しか付けられません。
ACTIVITIES_TITLE3,Dogesound Competition,Dogesound Competition,Dogesound Competition
ACTIVITIES_DESC3,Dogesound Competition은 클레이튼 체인 위에서 작동되는 개소리 경연입니다. 5개 이상의 메이트를 사용하면 개소리 후보를 제출할 수 있습니다. 최다 득표를 받은 도지사운드는 웹페이지 메인에 자동으로 게시됩니다. 사용한 메이트는 다음 회에 다시 사용할 수 있습니다. 도지사운드 후보 제출 또는 투표는 메이트 소유권에 일체 영향을 주지 않습니다. (개소리 예시 : 비트코인),Mate represents the voting rights of the governor's Soundcolub governance. You can make a proposal or vote as many times as you have a mate for or against a registered proposal.,掛け合わせる知事のSoundcolubガバナンスの議決権を表す。君のことを登録提案または反対して、航海士とした場合は何倍にも提案や投票を行うことができる。
ACTIVITIES_TITLE4,Governance,Governance,Governance
ACTIVITIES_DESC4,"메이트는 도지사운드클럽 거버넌스의 의결권을 나타냅니다. 제안을 하거나, 등록된 제안에 찬반을 메이트를 가진 개수만큼 투표할 수 있습니다.",Mate represents the voting rights of the governor's Soundcolub governance. You can make a proposal or vote as many times as you have a mate for or against a registered proposal.,メイトは知事のサウンドクラブ統治の投票権を代表している。 登録された提案に賛成または反対する相手がいる限り、提案または投票を行うことができます。
DSC_FAMILY_TITLE,DSC Family 👩‍❤️‍💋‍,DSC Family 👩‍❤️‍💋‍,DSC Family 👩‍❤️‍💋‍
DSC_FAMILY_DESC,DSC는 홀더님들이 자신의 독립된 커뮤니티 또는 채널을 구축하고 성장시키는 것을 적극 권장하며 서포트하고 있습니다. 아래 목록은 지금까지 등록된 홀더님들의 채널 명단입니다.,"Dsc, holder, or channel to build and grow their own independent community is strongly recommended and support to.Channel list of the registered holder, so far is the list below.",独自のコミュニティを構築し、成長させるために、Dsc、ホルダー、またはチャネルを強く推奨し、サポートします。登録所有者のチャネルリスト、これまでのリストは以下のとおりです。
DSC_FAMILY_BUTTON1,REGISTER,REGISTER,REGISTER
DSC_FAMILY_BUTTON2,My Channel,My Channel,My Channel
DSC_FAMILY_DETAIL_TITLE1,채널 이름,The channel name,チャネル名
DSC_FAMILY_DETAIL_INPUT1,채널명을 입력해주세요,Please enter your Mate name.,
DSC_FAMILY_DETAIL_TITLE2,채널,Channel,相手の名前を入力してください。
DSC_FAMILY_DETAIL_INPUT2,채널 링크,Channel Link,チャネルリンク
DSC_FAMILY_DETAIL_TITLE3,채널 소개,Channel introduction,チャネルの概要
DSC_FAMILY_DETAIL_TITLE4,Image,Image,Image
DSC_FAMILY_DETAIL_BUTTON,REGISTER,REGISTER,レジスタ
FULLY_ON_CHAIN_TITLE,Fully on - Chain 🚀,Fully on - Chain 🚀,Fully on - Chain 🚀
FULLY_ON_CHAIN_TITLE1,소유권(NFT 초보자를 위한 설명),Succeeded in storing the NFT image in full on-chain - the first time in Korea.,所有権(NFT初心者向けの説明)
FULLY_ON_CHAIN_DESC1,"메이트를 배포할 때, 메이트 이미지의 암호화 해시를 컨트랙트에 저장함으로써, 해당 컨트랙트가 메이트의 컨트랙트라는 것을 명확히 파악할 수 있도록 배포되었습니다. 다만 이와 같은 방식은 이미지 데이터 자체가 아닌 암호화 해시만이 저장된 것으로, 메이트 정보의 장기 생존에 문제가 될 수 있습니다. 이미지와 그 특성 정보 전체를 클레이튼 체인에 업로드한다면, 클레이튼 체인 이외의 타 데이터 저장 인프라에 대한 의존성을 줄여, 장기적 생존을 공고히 할 수 있습니다. 오늘(21년 8월 31일) 본 작업을 완료했으며 Mate가 완전히 클레이튼 체인에 저장되었음을 알려드리게 되어 기쁩니다. 심영재 개발자님 감사합니다.","When creating Mate V1, I was able to clearly distinguish what the original contract of Mate was by storing the cryptographic hash of the Mate image in the contract that issued the Mate. In other words, the image data was not completely stored in the chain, which could be a problem for Mate's long-term survival. However, if you store the image itself and mate characteristic information completely online in the contract, not the hash, further strengthen the long-term survival of the mate and anyone with Clayton clients can fully access it. Today (August 31, 21), we have completed the work and are pleased to announce that Mate is now completely online: Thank you, developer Shim Young-jae!",メートV1を作りながらメイトを発行した契約書にメートイメージの暗号化ハッシュを保存することで、メートの当初の契約が何かを明確に区分することができた。映像データがチェーンに完全に保存されず、メートの長期生存に問題がなり得るという話だ。ただ、イメージ自体を保存してハッシュがないオンラインで特性情報を完璧に結合すれば、メーカーの長期的生存がより強化され、クレイトン・お客なら、誰でも完璧にアクセスできるようになる。今日(8月31日、21日)作業を完了し、Mateが完全にオンラインにアクセスしたことを教えて差し上げることになってうれしく思います。シムヨンジェ開発者様ありがとうございます。
FULLY_ON_CHAIN_TITLE2,데모,Demo,デモ
FULLY_ON_CHAIN_DESC2,아래에 제시된 이미지와 특징들은 클레이튼 체인에 기록되어 있다.,The images and characteristics brought up below are recorded in the Clayton chain.,下に提示されたイメージと特徴はクレイトン・チェーンに記録されている。
FAQ_TITLE,FAQ 👑😛😍,FAQ 👑😛😍,FAQ 👑😛😍
FAQ_TITLE1,도지사운드클럽이 뭔가요?,What is ‘Doge Sound Club’?,
FAQ_DESC1,Doge Sound Club은 클레이튼 체인을 기반으로하는 한국 최초의 온체인 PFP NFT프로젝트입니다.,‘Doge Sound Club’ is Korea’s first On-chain PFP NFT project based on Klaytn chain.,
FAQ_TITLE2,왜 이름이 도지사운드클럽인가요?,Why is the name ‘Doge Sound Club’?,
FAQ_DESC2,도지사운드클럽은 그 이름 그대로 [개소리 클럽]입니다. 입장권만 가지고 있다면 누구나 들어와 자유롭게 다양한 생각을 말할 수 있습니다. Mate는 도지사운드클럽의 입장권 역할을 하는 10000개의 Generative Art NFT입니다. ,"As the Name written ‘Doge Sound Club’ it’s a ‘club where you can bark’. Anyone who has an admission ticket can freely come in and talk about various thoughts. The tickets for the entrance is ‘MATE’, which is10,000 Generative Art NFT.",
FAQ_TITLE3,MATE를 구매하려면 어디로 가야하나요?,"Where can we purchase ""MATE""",
FAQ_DESC3,"OPENSEA에서 2차거래를통해 구매하실 수 있으며, 믹스 마켓플레이스인 KLUBS에서도 구매하실 수 있습니다. ","It can be purchases at ‘OPENSEA’ through secondary transaction, and you can also purchase it at ‘KLUBS’ which is a marketplace where it uses ‘MIX’ token.",
FAQ_TITLE4,MIX토큰은 무엇인가요?,What is ‘MIX’ token?,
FAQ_DESC4,MIX토큰은 도지사운드클럽에서 자체발행한 암호화페입니다. MIX토큰은 도지사운드클럽 생태계내에서 기축통화로서 작용합니다. MATE를 보유 시 일정량의 MIX토큰을 채굴하실 수 있습니다.,‘MIX’ token is a Cryptocurrency issued by ‘Doge Sound Club’. ‘MIX’ token acts as a key currency within Doge Sound Club’s ecosystem. You can mine certain amount of ‘MIX’ if you’re a holder of ‘MATE’.,
FAQ_TITLE5,MIX토큰은 어디서 구매할 수 있나요?,Where can we purchase ‘MIX’ token?,
FAQ_DESC5,현재 클레이스왑과 클레이파이에서 구매하실 수 있습니다.,You can currently purchase ‘MIX’ from ‘Klayswap’ and ‘Klayfi’.,
FAQ_TITLE6,클론크래프트가 무엇인가요?,What is ‘CloneCraft’?,
FAQ_DESC6,클론크래프트는 클론네버다이 팀과 협업을 통해 제작한 국내최초 SNG 장르의 P2E게임입니다.  ,"‘CloneCraft’ is the first SNG genre P2E game in Korea, produced in collaboration with ‘Clones Never Die’ team.",
FAQ_TITLE7,Ayias는 뭔가요?,What is ‘Ayias’?,
FAQ_DESC7,Ayias는 도지사운드클럽 생태계의 최종 종착점이되는 자체 메타버스 플랫폼입니다.,"‘Ayias’ is our own Metabus platform, which is the final destination of Doge Sound Club’s ecosystem.",
TERMS_TITLE,Terms & Conditions,Terms & Conditions,Terms & Conditions
TERMS_DESC,"‘DOGESOUNDCLUB MATES, eMATES, BMCS(이하 “DSC NFT”라 한다)는 클레이튼 네트워크에 존재하는 디지털작품(NFT) 컬렉션입니다. 이 웹사이트는 유저가 디지털 수집품을 구매할 수 있도록 도와주는 인터페이스일 뿐입니다. 유저는 자신의 개인 클레이튼 지갑의 안전과 관리에 대하여 전적으로 책임이 있으며 지갑 승인 전에 이 웹사이트에서 생성된 모든 거래 및 계약을 검증합니다. 또한 DSC NFT 스마트 계약은 클레이튼 네트워크에서 실행되기 때문에 한번 생성한 트랜잭션은 취소할 수 없습니다.
이 웹사이트 및 하위 연결 서비스는 어떠한 종류의 보증도 없이 “있는 그대로” 제공됩니다. 이 웹사이트를사용함으로써 귀하는 DSC NFT의 디지털 수집품과 관련된 모든 거래에 대해 모든 책임을 지게 됩니다.\n2차시장에서 이루어지는 NFT거래의 가격은 시장이 결정하며 이 가격이 적절한 가격인지 판단을 도와주는 정보는 공식적으로 3곳에 업로드됩니다.
1. DSC Gitbook : https://dsclabel.gitbook.io/dsc
2. DSC Official Discord : https://discord.gg/dogesoundclub
3. DSC Official Twitter : https://twitter.com/dogesoundclub
","Mutant Ape Yacht Club is a collection of digital artworks (NFTs) running on the Ethereum network. This website is only an interface allowing participants to purchase digital collectibles. Users are entirely responsible for the safety and management of their own private Ethereum wallets and validating all transactions and contracts generated by this website before approval. Furthermore, as the Mutant Ape Yacht Club smart contract runs on the Ethereum network, there is no ability to undo, reverse, or restore any transactions.

This website and its connected services are provided “as is” and “as avaiLABEL” without warranty of any kind. By using this website you are accepting sole responsibility for any and all transactions involving Mutant Ape Yacht Club digital collectibles.","ミュータントヨットクラブは、イーサリアムネットワークで実行されるデジタル芸術品（NFT）の集合体だ。 このウェブサイトは参加者がデジタル収集品を購入できるインターフェイスであるだけです。 ユーザーは、自身の個人イーサリアムウォレットの安全及び管理、本ウェブサイトにおいて生成されたすべての取引及び契約の有効性を承認前に確認する責任が全面的にあります。 しかも、ミュータント、エイプ、ヨットクラブ、スマート契約がイーサリアムネットワークで実行され、いかなる取引も取り消したり、戻したりできる機能がない。

本ウェブサイトおよび接続されたサービスは、いかなる保証もなく、「ありのまま」および「使用可能な通り」を提供します。 このウェブサイトを使用することで、あなたは突然変異ヨットクラブデジタルコレクションと関連した全ての取引に対する単独責任を受け入れることになります。"
TERMS_TITLE1,1. 소유권,1. Ownership,1.所有権
TERMS_DESC1,"A. 귀하가 NFT를 구매하면 해당 DSC NFT를 완전히 소유하게 됩니다. NFT의 소유권은 전적으로 스마트 계약과 클레이튼 네트워크에 의해 중재됩니다. 저희 운영진은 절대 DSC NFT의 소유권을 압류, 동결, 또는 수정할 수 없습니다.
B. 개인적 사용
귀하가 본 약관을 준수하는 경우 디에스씨레이블은 귀하가 구매한 디지털 작품을 다음의 목적들로 이용할 수 있는 라이선스를 부여합니다.
1. 개인적이고 비상업적인 용도로만 사용
2. 실제 소유자의 전시
3. 실제 소유주가 참여, 혹은 관여하는 웹사이트/어플리케이션의 일부
4. 실제 소유주 본인의 소장을 위한 아트웍이 표시되어있는 소장품
*단 소장품의 금전적 거래는 제한합니다.
C.상업적 사용.
귀하가 본 약관을 준수하는 경우 디에스씨레이블은 귀하가 구매한 디지털 작품을 기반으로 하는 2차적 저작물을 생성하여 상업적 사용을 할 수 있는 라이선스를 부여합니다. 상업적 사용의 목적은 다음의 조항들로 제한합니다.
1. 실제 소유주가 참여, 혹은 관여하는 웹사이트 혹은 어플리케이션 제작, 운영
*단 실제 소유자만이 아트웍을 표시할 수 있도록 하고 DSC NFT의 소유자가 웹사이트/어플리케이션을 떠난 후에는 아트웍이 더 이상 표시되지 않아야 합니다. 아트웍의 지속적인 표시를 원할 시 디에스씨레이블과 합의하에 별도의 계약을 통하여 표기할 수 있습니다.
2. DSC NFT의 아트웍이 표시되어있는 신발, 옷, 모자, 가방, 핸드폰 케이스 등의 패션상품
*단 실제 소유자만이 아트웍을 표시할 수 있도록 하고 DSC NFT의 소유자가 패션 상품의 개발, 운영에서 떠난 후에는 아트웍이 더 이상 표시되지 않아야 합니다. 아트웍의 지속적인 표시를 원할 시 디에스씨레이블과 합의하에 별도의 계약을 통하여 표시할 수 있습니다.
D. DSC에 대한 권리 외 본 문서의 어떠한 내용도 DSC NFT가 아닌 디에스씨레이블에 속한 기타 상표 및 기타 지적 재산권에 대한 권리를 제공하지 않습니다. 이러한 권리는 디에스씨레이블의 이름으로 명시적으로 유보됩니다.
E.피드백
귀하는 사이트 개선 방법을 포함한 사이트에 대한 의견, 버그 리포트, 아이디어 또는 기타 피드백(총칭하여 이하 “피드백”)을 제출할 수 있습니다. 귀하는 피드백을 제출함으로써 귀하에 대한 보상 없이 귀하가 제출한 피드백을 당사가 자유롭게 사용할 수 있다는 데 동의하며 어떠한 목적으로든 피드백을 통합하고 사용할 수 있는 영구적이고 취소 불가능하고 비독점적인 라이선스를 당사에게 부여합니다.
","A. You Own the NFT. Each Mutant Ape is an NFT on the Ethereum blockchain. When you purchase an NFT, you own the underlying Mutant Ape, the Art, completely. Ownership of the NFT is mediated entirely by the Smart Contract and the Ethereum Network: at no point may we seize, freeze, or otherwise modify the ownership of any Mutant Ape.

B. Personal Use. Subject to your continued compliance with these Terms, Yuga Labs LLC grants you a worldwide, royalty-free license to use, copy, and display the purchased Art, along with any extensions that you choose to create or use, solely for the following purposes: (i) for your own personal, non-commercial use; (ii) as part of a marketplace that permits the purchase and sale of your Mutant Ape / NFT, provided that the marketplace cryptographically verifies each Mutant Ape owner’s rights to display the Art for their Mutant Ape to ensure that only the actual owner can display the Art; or (iii) as part of a third party website or application that permits the inclusion, involvement, or participation of your Mutant Ape, provided that the website/application cryptographically verifies each Mutant Ape owner’s rights to display the Art for their Mutant Ape to ensure that only the actual owner can display the Art, and provided that the Art is no longer visible once the owner of the Mutant Ape leaves the website/application.

C. Commercial Use. Subject to your continued compliance with these Terms, Yuga Labs LLC grants you an unlimited, worldwide license to use, copy, and display the purchased Art for the purpose of creating derivative works based upon the Art (“Commercial Use”). Examples of such Commercial Use would e.g. be the use of the Art to produce and sell merchandise products (T-Shirts etc.) displaying copies of the Art. For the sake of clarity, nothing in this Section will be deemed to restrict you from (i) owning or operating a marketplace that permits the use and sale of Mutant Apes generally, provided that the marketplace cryptographically verifies each Mutant Ape owner’s rights to display the Art for their Mutant Ape to ensure that only the actual owner can display the Art; (ii) owning or operating a third party website or application that permits the inclusion, involvement, or participation of Mutant Apes generally, provided that the third party website or application cryptographically verifies each Mutant Ape owner’s rights to display the Art for their Mutant Ape to ensure that only the actual owner can display the Art, and provided that the Art is no longer visible once the owner of the Purchased Mutant Ape leaves the website/application; or (iii) earning revenue from any of the foregoing.

D. MAYC/BAYC IP.  Other than the rights to the Art, nothing herein gives you any rights to any other trademarks or other intellectual property rights belonging to Yuga Labs including, without limitation, to Bored Ape Yacht Club, BAYC, Bored Ape Kennel Club, BAKC, Mutant Ape Yacht Club, MAYC, and the associated logos. All of these rights are expressly reserved in the name of Yuga Labs LLC.

E. Feedback. You may choose to submit comments, bug reports, ideas or other feedback about the Site, including without limitation about how to improve the Site (collectively, “Feedback”). By submitting any Feedback, you agree that we are free to use such Feedback in any way we choose without additional compensation to you and you hereby grant us a perpetual, irrevocable, nonexclusive, worldwide license to incorporate and use the Feedback for any purpose.","第一に、君がNFTを所有している。 各ミュータント·エイプはイーサリアムブロックチェーンのNFTである。 NFTを購入すると、あなたは基本のミュータントApe, the Artを完全に所有することになります。 NFTの所有権は全面的にスマート契約とイーサリアムネットワークにより調整される。 私たちは何らかの突然変異類人猿の所有権を差し押え、凍結、または修正することはできない。

B. 個人的な使用。あなたの本約款の持続的な遵守に従って、原油価格Labs LLCは、購入した美術品を(i)個人的で非商業的な用途のみに使用したり、使用することを選択したすべての拡張とともに使用、コピー及び展示できるロイヤルティのない世界中のライセンスを付与します。Mutant Ape / NFTのurchase及び販売、ただし、マーケットプレイスがMutant ApeのためのArtを展示できる各Mutant Apeの所有者の権利を暗号化された方式で検証し、実際の所有者のみアートまたは (iii) ユーザの含み、関与または参加を許可する第三者ウェブサイトまたはアプリケーションの一部として表示できるように保障します。rミュータントApeはウェブサイト/応用プログラムが実際の所有者だけが芸術を展示できるように、各ミュータントApe所有者の権利を暗号化的に検証し、ミュータントApe所有者がウェブサイト/応用プログラムから出たら、これ以上Artを見ることができないということを保障する。

C. 商業的使用。あなたの本約款の持続的な遵守に従って、原油価格Labs LLCは、芸術(""商業的使用"")に基づいた派生作品を制作する目的で購入した芸術品を無制限に使用、コピー及び展示できるライセンスを全世界に付与します。 このような商業的使用の例としては、芸術の写本を展示する商品製品（Tシャツなど）を生産·販売するための芸術の使用を挙げることができる。 明確にするため、この節のいずれも(i)ミュータント類人猿の使用と販売を許可する市場を所有したり運営することを制限するものとみなされません。 ただし、マーケットプレイスは実際の所有者だけがミュータント誘引員のために芸術を展示できる各ミュータント誘引員の所有者の権利を暗号化された方法で検証します。isplay the Art; (ii)第三者ウェブサイトやアプリケーションがMutant Apeのために技術を展示できる各Mutant Apeの所有者の権利を暗号化された方式で検証し、実際の所有者のみ確認できるようにした場合、Mutant Apeの参加または参加を許可する第三者ウェブサイトやアプリケーションを所有または運営します。 すなわち、購入した突然変異類人猿の所有者がウェブサイト/応用プログラムを終了したり（iii）、前述した収益によってこれ以上見ることができない場合。

D.MAYC/BAYCIP.芸術に関する権利以外に、本文書には、ボアード·エープ·ヨットクラブ、BAYC、ボアード·エープ·ケネルクラブ、BAKC、ミュータント·エイプ·ヨットクラブ、MAYC及び関連ロゴを含む有価研究所の他の商標またはその他の知的財産権に対する権利が制限なく提供されます。 このすべての権利はユーガラップスLLC名義で明示的に保有される。

E. フィードバックするサイトに対する意見、バグ報告書、アイデア又はその他のフィードバックを提出することができます(サイト改善方法の制限なしに""フィードバック"")。フィードバックを提出することにより、あなたは当社があなたに対して追加の補償なしに、このようなフィードバックを自由に使用できることに同意し、あなたは当社がフィードバックをいかなる目的に統合して使用することのできる永久的かつ取り消し不可能であり、非独占的な世界中のライセンスを付与します。"
TERMS_TITLE2,2. 의무,2. Your Obligations,2.あなたの義務
TERMS_DESC2,"귀하는 사이트에 액세스하거나 사이트를 사용하는 동안 자신의 행동과 그에 따른 결과에 대해 전적으로 책임을 집니다. 귀하는 본 약관 및 관련 법률 또는 규정에 따라 합법적이고 적절한 목적으로만 사이트를 이용하는 데 동의합니다. 다음과 같은 행위들은 금지됩니다.
1. 불법, 명예훼손, 희롱, 학대, 사기, 증오, 폭력, 외설, 또는 기타 불쾌감을 주는 콘텐츠
2. 바이러스, 웜, 트로이목마, 손상된 파일, 기타 파괴적, 기만적 성격의 파일 배포
3. 다른사람을 사칭하는 행위
4. 업로드, 게시, 당사자의 지적 재산권 또는 소유권을 침해하거나 다른 사람의 법적 권리를 침해하는 콘텐츠를 사이트를 통해 전송하거나 제공하는 행위
5. 불법 활동 (자금 세탁을 포함하되 이에 국한되지 않음)에 참여 또는 조장
6. 다른 사용자의 사이트 사용을 방해하는 행위
7. 승인되지 않은 상업적 목적으로 사이트를 사용하는 행위
8. 사이트의 일부를 수정, 개조, 번역 또는 리버스 엔지니어링 하는 행위
9. 사이트 또는 사이트의 일부에 포함된 저작권, 상표 또는 기타 소유권 고지를 제거하는 행위
10. 승인되지 않은 목적으로 사이트에 대한 정보를 수집하기 위해 프로그램 등을 사용하는 행위
11. 당사 제품 또는 서비스와 경쟁력있는 제품 또는 서비스를 생성할 목적으로 사이트에 액세스하거나 사이트를 사용하는 행위
","You are solely responsible for your own conduct while accessing or using the Site, and for any consequences thereof. You agree to use the Site only for purposes that are legal, proper and in accordance with these Terms and any applicable laws or regulations. By way of example, and not as a limitation, you may not, and may not allow any third party to: (i) send, upload, distribute or disseminate any unlawful, defamatory, harassing, abusive, fraudulent, hateful, violent, obscene, or otherwise objectionable content; (ii) distribute viruses, worms, defects, Trojan horses, corrupted files, hoaxes, or any other items of a destructive or deceptive nature; (iii) impersonate another person; (iv) upload, post, transmit or otherwise make avaiLABEL through the Site any content that infringes the intellectual property or proprietary rights of any party or otherwise violates the legal rights of others; (v) engage in, promote, or encourage illegal activity (including, without limitation, money laundering); (vi) interfere with other users' use of the Site; (vii) use the Site for any unauthorized commercial purpose; (viii) modify, adapt, translate, or reverse engineer any portion of the Site; (ix) remove any copyright, trademark or other proprietary rights notices contained in or on the Site or any part of it; (x) use any technology to collect information about the Site’s for any unauthorized purpose; (xi) access or use the Site for the purpose of creating a product or service that is competitive with any of our products or services. If you engage in any of the activities prohibited by this Section, we may, at our sole and absolute discretion, without notice to you, and without limiting any of our other rights or remedies at law or in equity, immediately suspend or terminate your user account.",あなたはサイトに接続したり、使っている間、自分の行為とそれに応じた結果について全面的に責任を負います。あなたは本約款と該当法律又は規定により、合法的かつ適切な目的だけでサイトを使用することに同意します。例えば、あなたは(i)不法、名誉毀損、いじめ、虐待、詐欺、嫌悪、暴力、わいせつ、トロイの木馬、損傷したファイル、詐欺またはその他不快なコンテンツを伝送、アップロード、配布したり配布しないことがあります。破壊的か欺瞞的な性格の項目:(iii)他人を詐称。(iv)他人の知的財産権又は財産権を侵害したり、他の方法で他人の法的権利を侵害する内容をサイトを通じてアップロード、掲示、伝送または他の方法で提供:(v)不法活動に参加、促進又は奨励(i)制限なしにマネーロンダリングの禁止);(vi)他のユーザーのサイトの使用妨害;(vii)許可されていない商業的目的のため、サイトの使用:(vii)サイトのすべての部分を修正、改変、翻訳またはリバースエンジニアリング;(ix)サイト又はその部分に含まれた著作権、商標またはその他の所有権告知除去(x)認証されていない目的でサイトに対する情報を収集するために全ての技術を使用します。(xi)当社の製品又はサービスと競争できる製品またはサービスを作るため、サイトにアクセスしたり、使用します。貴下が本節で禁止する活動に参加する場合、党本部は当社の単独的で絶対的な裁量によって貴下に通知せず、法律又は公平による当社の他の権利または救済措置を制限せず、貴下の使用者のアカウントを即時停止または解約することができます。
TERMS_TITLE3,3. 수수료 및 지불,3. Fees and Payment,3.手数料及び支払
TERMS_DESC3,"A. 사이트를 통해 DSC NFT를 구매하기로 선택한 경우 귀하가 참여하는 모든 금융 거래는 클레이튼 네트워크를 통해서만 수행됩니다. 당사는 이러한 거래에 대하여 통제력이 없으며 거래를 취소할 능력 또한 없습니다. 당사는 귀하가 참여하는 모든 거래 또는 귀하가 클레이튼 네트워크를 통해 수행하는 기타 거래로 인하여 발생할 수 있는 모든 종류의 손해에 대하여 책임지지 않습니다.
B. 클레이튼은 클레이튼 네트워크에서 발생하는 모든 거래에 대해 거래 수수료(“가스비”)를 지불해야 합니다. 가스비는 클레이튼 네트워크를 유지하는 채굴자들에게 돌아갑니다. 이는 클레이튼 네트워크 내에서 행하는 모든 거래에 대해 가스비를 지불해야 함을 의미합니다.
","A. If you elect to purchase a Mutant Ape through the Site, any financial transactions that you engage in will be conducted solely through the Ethereum network. We will have no insight into or control over these payments or transactions, nor do we have the ability to reverse any transactions.  We will have no liability to you or to any third party for any claims or damages that may arise as a result of any transactions that you engage or any other transactions that you conduct via the Ethereum network.

B. Ethereum requires the payment of a transaction fee (a “Gas Fee”) for every transaction that occurs on the Ethereum network. The Gas Fee funds the network of computers that run the decentralized Ethereum network. This means that you will need to pay a Gas Fee for each transaction.","A.サイトを通じてミュータントエイプを購入することで選択した場合、貴下が参加する全ての金融取引はこのドリウことにネットワークを通してのみ行われます。我々は、このような決済や取引に対する洞察力や統制力を持つことができず、どのような取引も戻すことができません。当社は貴下が関与した全ての取引またはこのドリウことネットワークを通じて行われた他の取引の結果で発生する恐れがあるすべての請求または損害について貴下または第3者にどのような責任も負いません。

B.このドリウさはこのドリウことネットワークで発生する全ての取引について取引手数料(以下'ガスの手数料'を支払わなければならない。ガス料金は分散型このドリウことネットワークを運営するコンピュータネットワークに資金を支援する。これは各取引ごとにガス料金を支払わなければならないということを意味します。
御丁寧語翻訳設定の発音聞き取りの"
TERMS_TITLE4,4. 면책조항,4. Disclaimers,4.告知事項
TERMS_DESC4,"A. 귀하는 사이트에 대한 액세스 및 사용에 대한 위험은 전적으로 귀하의 몫이며 사이트가 명시적이든 묵시적이든 어떠한 종류의 보증도 없이 “있는 그대로” 및 “이용 가능한 그대로” 제공된다는 점을 명시적으로 이해하고 동의합니다. 적용 가능한 법률에 따라 허용되는 최대한의 범위 내에서 당사는 어떠한 명시적 보증도 하지 않으며 사이트의 모든 부분에 관한 모든 묵시적 보증을 부인합니다. 또한 당사, 당사의 자회사, 파트너사 및 라이선스 부여자는 다음을 보증하지 않습니다.
1. 사이트에 대한 귀하의 액세스 또는 사용이 중단되는 일이 없고 안전하며 오류가 없을것입니다.
2. 사이트를 통해 제공되는 유저데이터는 정확할 것입니다.
3. 사이트 또는 모든 콘텐츠, 서비스는 바이러스 또는 기타 유해한 구성 요소가 없거나 사이트를 사용할 때 공개되는 모든 데이터는 검증이 된 안전한 데이터입니다.
B. 귀하는 인터넷을 통해 정보를 제공하고 온라인으로 거래하는데에 따른 보안 위험을 인지하고 당사의 고의적인 위법 행위로 인한 경우가 아닌 한 보안 문제에 대하여 당사가 책임을 지지 않는다는 데 동의합니다.
C. 당사는 클레이튼 네트워크 사용으로 인해 발생하는 손실에 대해 책임을 지지 않으며 스마트 계약과 관련하여 어떠한 통제도 하지 않으며 어떠한 보장도 하지 않습니다.
","A. YOU EXPRESSLY UNDERSTAND AND AGREE THAT YOUR ACCESS TO AND USE OF THE SITE IS AT YOUR SOLE RISK, AND THAT THE SITE IS PROVIDED ""AS IS"" AND ""AS AVAILABEL"" WITHOUT WARRANTIES OF ANY KIND, WHETHER EXPRESS OR IMPLIED. TO THE FULLEST EXTENT PERMISSIBLE PURSUANT TO APPLICABLE LAW, WE MAKE NO EXPRESS WARRANTIES AND HEREBY DISCLAIM ALL IMPLIED WARRANTIES REGARDING THE SITE AND ANY PART OF IT (INCLUDING, WITHOUT LIMITATION, THE SITE, ANY SMART CONTRACT, OR ANY EXTERNAL WEBSITES), INCLUDING THE IMPLIED WARRANTIES OF MERCHANTABILITY, FITNESS FOR A PARTICULAR PURPOSE, NON-INFRINGEMENT, CORRECTNESS, ACCURACY, OR RELIABILITY. WITHOUT LIMITING THE GENERALITY OF THE FOREGOING, WE, OUR SUBSIDIARIES, AFFILIATES, AND LICENSORS DO NOT REPRESENT OR WARRANT TO YOU THAT: (I) YOUR ACCESS TO OR USE OF THE SITE WILL MEET YOUR REQUIREMENTS, (II) YOUR ACCESS TO OR USE OF THE SITE WILL BE UNINTERRUPTED, TIMELY, SECURE OR FREE FROM ERROR, (III) USAGE DATA PROVIDED THROUGH THE SITE WILL BE ACCURATE, (III) THE SITE OR ANY CONTENT, SERVICES, OR FEATURES MADE AVAILABEL ON OR THROUGH THE SITE ARE FREE OF VIRUSES OR OTHER HARMFUL COMPONENTS, OR (IV) THAT ANY DATA THAT YOU DISCLOSE WHEN YOU USE THE SITE WILL BE SECURE. SOME JURISDICTIONS DO NOT ALLOW THE EXCLUSION OF IMPLIED WARRANTIES IN CONTRACTS WITH CONSUMERS, SO SOME OR ALL OF THE ABOVE EXCLUSIONS MAY NOT APPLY TO YOU.

B. YOU ACCEPT THE INHERENT SECURITY RISKS OF PROVIDING INFORMATION AND DEALING ONLINE OVER THE INTERNET, AND AGREE THAT WE HAVE NO LIABILITY OR RESPONSIBILITY FOR ANY BREACH OF SECURITY UNLESS IT IS DUE TO OUR WILLFULL MISCONDUCT.

C. WE WILL NOT BE RESPONSIBLE OR LIABLE TO YOU FOR ANY LOSSES YOU INCUR AS THE RESULT OF YOUR USE OF THE ETHEREUM NETWORK NOR DO WE HAVE NO CONTROL OVER AND MAKE NO GUARANTEES REGARDING ANY SMART CONTRACTS.","A. あなたは、サイトに対するアクセス及び使用に全面的に責任があり、サイトが明示的又は黙示的な保証なしに「ありのまま」又は「使用可能なまま」で提供されることを明示的に理解し、同意します。 当該法律により、最大限許容される範囲内で、当社は明示的な保証をせず、サイト及びサイトの一部(サイト、スマート契約又は外部ウェブサイトを含みますが、制限なく含む)に関するすべての黙示的保証を拒否します。 非侵害性、正確性、正確性、信頼性。上記内容の一般性を制限せず、NAT、子会社、系列会社及びライセンス許可者は、次のような貴サイトへのアクセスまたは使用に対する保証または代表いたしません。OMエラー、(III)サイトを通じて提供される使用データは正確であり、(III)サイトやサイトを通じて提供されるすべてのコンテンツ、サービス、機能にウイルスやその他有害構成要素がないか、ユーザーが公開するデータがありません。消費者との契約時に発生するアンチに該当するため、上記の例外事項のうち一部または全体が適用されない場合があります。

B. あなたは情報を提供し、インターネットを通じたオンライン取引を行う際に内在するセキュリティリスクを受容し、当社の完全な違法行為によるものでなければ、当社はいかなるセキュリティ違反にも責任を負わないことに同意します。

C.当社は、イーサリアムネットワークの使用によって発生するすべての損失に対して責任を負わず、スマート契約に対していかなる統制もせず、いかなる保障もいたしません。"
TERMS_TITLE5,5. 책임의 제한,5. Limitation of Liability,5.責任の制限
TERMS_DESC5,"A. 귀하는 귀사가 초래하는 간접적, 부수적, 특별적, 결과적 또는 징벌적 손해에 책임을 지지 않는다는 것을 이해하고 이에 동의합니다.
B. 귀하는 귀하가 본 문서에 명시된 보증 거부 및 책임의 제한에 따라 본 약관을 체결했음을 인정하고 사이트를 이용함에 동의합니다. 귀사는 이러한 동의없이 귀하에게 사이트를 제공할 수 없습니다.
","A. YOU UNDERSTAND AND AGREE THAT WE WILL NOT BE LIABLE TO YOU OR TO ANY THIRD PARTY FOR ANY INDIRECT, INCIDENTAL, SPECIAL, CONSEQUENTIAL, OR EXEMPLARY DAMAGES WHICH YOU MAY INCUR, HOWSOEVER CAUSED AND UNDER ANY THEORY OF LIABILITY, INCLUDING, WITHOUT LIMITATION, ANY LOSS OF PROFITS (WHETHER INCURRED DIRECTLY OR INDIRECTLY), LOSS OF GOODWILL OR BUSINESS REPUTATION, LOSS OF DATA, COST OF PROCUREMENT OF SUBSTITUTE GOODS OR SERVICES, OR ANY OTHER INTANGIBLE LOSS, EVEN IF WE HAVE BEEN ADVISED OF THE POSSIBILITY OF SUCH DAMAGES.

B. YOU AGREE THAT OUR TOTAL, AGGREGATE LIABILITY TO YOU FOR ANY AND ALL CLAIMS ARISING OUT OF OR RELATING TO THESE TERMS OR YOUR ACCESS TO OR USE OF (OR YOUR INABILITY TO ACCESS OR USE) ANY PORTION OF THE SITE, WHETHER IN CONTRACT, TORT, STRICT LIABILITY, OR ANY OTHER LEGAL THEORY, IS LIMITED TO THE GREATER OF (A) THE AMOUNTS YOU ACTUALLY PAID US UNDER THESE TERMS IN THE 12 MONTH PERIOD PRECEDING THE DATE THE CLAIM AROSE, OR (B) $500.

C. YOU ACKNOWLEDGE AND AGREE THAT WE HAVE MADE THE SITE AVAILABEL TO YOU AND ENTERED INTO THESE TERMS IN RELIANCE UPON THE WARRANTY DISCLAIMERS AND LIMITATIONS OF LIABILITY SET FORTH HEREIN. WE WOULD NOT BE ABLE TO PROVIDE THE SITE TO YOU WITHOUT THESE LIMITATIONS.","A.あなたは貴社がもたらす間接的、付随的、特別的、結果的、または模範的損害、制限的、そしていかなる理論にも責任を負わないということを理解し、これに同意します。NESSの名声、データ損失、代替商品やサービスの調達コストやその他無形損失について通知を受けても、これらの損害の可能性について説明します。

B. あなたは、本約款またはあなたのサイトへのアクセスまたは使用(またはあなたのアクセスまたは使用不可)、または不法行為と関係なく、サイトから発生する全ての又は全ての請求に関して、当社に対する総体的な責任に同意します。NDER本約款は、請求が提起された日付以前の12ヶ月期間、または(ロ)$500。

C. 貴下は、貴下がサイトを利用できるようにし、本文書に明記された保証拒否及び責任の制限により本約款を締結したことを認め、同意します。 ·当社はこのような制限なくサイトを提供することはできません。"
TERMS_TITLE6,6. 리스크,6. Risk Assumption,6.リスクの想定
TERMS_DESC6,"귀하는 각 항목을 인지하고 동의합니다.
A. DSC NFT를 판매하는 한, NFT의 가격은 극도로 변동이 심하고 다른 NFT의 가격 변동이 당신의 DSC NFT의 가격에 긍정적, 부정적 영향을 미친다는 점에 유의하십시오. 변동성을 고려할 때 DSC NFT와 같은 NFT는 투자로 간주되어서는 안됩니다. 귀하는 이와 관련된 모든 위험을 감수합니다.
B. DSC NFT의 소유권은 디지털 아트웍에 대한 소유권만을 부여합니다. 따라서 이 사이트(또는 여기에 언급된 기타문서)의 어떠한 정보도 투자 목적을 위한 계약 체결을 위한 조언이나 초대가 아니며 그렇게 간주될 수 없습니다. 또한 이 사이트의 어떤 내용도 유가증권을 제공하거나 주식, 유가증권 또는 기타 금융 상품을 구매하도록 제안, 추천하지 않습니다. 프로젝트의 예술적 특성 탓에 DSC는 관할권의 규제 기관에 등록되거나 승인되지 않았습니다. DSC 및 관련 아트웍의 구매가 관할 지역의 법률 및 규정을 준수하는지 확인하는 것은 전적으로 귀하의 책임입니다.
C. 귀하는 하드웨어 소프트웨어 및 인터넷 연결의 위험, 악성 소프트웨어 감염의 위험성 및 제3자의 무단액세스 위험 등 인터넷 기반 통신망 사용과 관련된 모든 위험을 감수합니다.
D. NFT, 암호화폐, 블록체인 기술은 새로운 기술들이며 이에 따라 규제기반이 마련되어있지 않습니다. 향후 새롭게 제정되는 규제, 규정들은 DSC의 가치에 핵심적인 기술들에 부정적 영향을 미칠 수 있습니다. 귀하는 이러한 위험을 인지하고 수용합니다.
E. 귀하는 클레이튼 또는 클레이튼 플랫폼에 영향을 미치는 장애, 또는 기타 문제에 대한 모든 손해를 감수합니다.
","You accept and acknowledge each of the following:

A. To the extent that you sell your Mutant Ape NFT, please be aware that the prices of NFTs are extremely volatile and fluctuations in the prices of other NFTs and impact the price of your Mutant Ape both positively and negatively.  Given the volatility, NFTs such as Mutant Ape should not be considered an investment. You assume all risks in that connection.

B. Ownership of a Mutant Ape confers ownership of digital artwork only. Accordingly, no information on this Site (or any other documents mentioned therein) is or may be considered to be advice or an invitation to enter into an agreement for any investment purpose. Further, nothing on this Site qualifies or is intended to be an offering of securities in any jurisdiction nor does it constitute an offer or an invitation to purchase shares, securities or other financial products.  Due to the artistic nature of the project, MAYC has not been registered with or approved by any regulator in any jurisdiction. It remains your sole responsibility to assure that the purchase of the Mutant Ape and the associated art is in compliance with laws and regulations in your jurisdiction.

C. You assume all risks associated with using an Internet-based currency, including, but not limited to, the risk of hardware, software and Internet connections, the risk of malicious software introduction, and the risk that third parties may obtain unauthorized access to information stored within your wallet.

D. NFTs, cryptocurrencies and blockchain technology are relatively new and the regulatory landscape is unsettled.  New regulations could negatively impact such technologies impacting the value for your Mutant Ape. You understand and accept all risk in that regard.

E. You assume all responsibility for any adverse effects of disruptions or other issues impacting Ethereum or the Ethereum platform.","ユーザは、次の各項目を承認および承認します。

A.MutantApeNFTを販売する限り、NFTの価格は非常に変動し、他のNFTの価格の変動が激しく、MutantApeの価格にプラスとマイナスの両方の影響を与えることに注意してください。  変動性を考慮すると、ミュータント·エイプのようなNFTは投資とは見なしてはならない。 あなたはその関連ですべてのリスクを負う。

B.突然変異類人猿の所有権はデジタルアートワークの所有権のみを与える。 したがって、本サイトに関するいかなる情報（または本サイトに記載されているその他の文書）も、いかなる投資目的のための助言または契約締結の招待とみなされることはありません。 また、本サイト上のいかなるものも、管轄区域における有価証券の提供に該当するものではなく、また、それが株式、有価証券、その他の金融商品の購入の申し出や勧誘に該当するものでもありません。  プロジェクトの芸術的性質上、MAYCは管轄区域内のいかなる規制機関にも登録または承認されていません。 ミュータント猿と関連芸術品の購入があなたの管轄区域内の法令を遵守することを保証することは、あなたの唯一の責任です。

C.インターネットベースの通貨の使用に関連するすべてのリスク（ハードウェア、ソフトウェア、およびインターネット接続のリスク、悪意のあるソフトウェアの導入のリスク、およびウォレットに保存されている情報に第三者が不正アクセスする可能性があるリスクを含むが、これらに限定されない）を想定してください。

D.NFT、仮想通貨、ブロックチェーン技術は比較的新しいものであり、規制環境は不安定です。  新しい規制は、MutantApeの価値に影響を与えるテクノロジーに悪影響を及ぼす可能性があります。 あなたはその点に関してすべてのリスクを理解し、受け入れる。

E.EthereumまたはEthereumプラットフォームに影響を与える中断またはその他の問題による悪影響については、お客様が責任を負うものとします。"
TERMS_TITLE7,7. 면책,7. Indemnification,7. 賠償
TERMS_DESC7,"귀하는 다음에 해당사항이 있을 시 모든 종류의 소송, 책임배상, 손실, 손해로부터 DSC 및 그 자회사, 파트너사, 임원, 대리인, 직원, 광고주, 라이선스 제공자, 공급업체에게 영향이 없도록 하며 면책하는 데 동의합니다.
1. 귀하의 본 약관 위반
2. 귀하의 사이트의 무단사용
3. 귀하의 사이트 액세스 또는 사용과 관련된 법률, 규칙, 규정 위반
","You agree to hold harmless and indemnify MAYC and its subsidiaries, affiliates, officers, agents, employees, advertisers, licensors, suppliers or partners from and against any claim, liability, loss, damage (actual and consequential) of any kind or nature, suit, judgment, litigation cost, and reasonable attorneys' fees arising out of or in any way related to (i) your breach of these Terms, (ii) your misuse of the Site, or (iii) your violation of applicable laws, rules or regulations in connection with your access to or use of the Site.",あなたはMALCとその子会社、系列会社、役員、代理人、職員、広告主、ライセンスホヨジャ、供給業者またはパートナーに発生するすべての種類の請求、性格、訴訟、判決、訴訟費用及び統合した弁護士受任料を無害に維持して賠償させることに同意します。(i)貴下の本約款の違反、(ii)貴下のサイトの誤用・濫用、(iii)貴下のサイトアクセスまたは使用と関連して適用される法律、規則又は規定違反と関連があります。
TERMS_TITLE8,8. 이용약관 변경,8. Changes to the Terms and Conditions,8. 利用約款の変更事項
TERMS_DESC8,당사는 재량에 따라 약관을 변경할 수 있습니다. 변경사항 확인을 위하여 주기적으로 본 약관을 확인하십시오. 약관에 대한 모든 변경사항은 변경된 날짜에 적용되며 약관이 수정 된 후에도 본 사이트에 대한 액세스 또는 사용시 수정된 약관에 동의하는 것으로 간주됩니다. 수정된 약관에 동의하지 않으면 사이트에 대한 액세스 또는 이용이 제한됩니다.,"We may make changes to the Terms at our discretion. Please check these Terms periodically for changes. Any changes to the Terms will apply on the date that they are made, and your continued access to or use after the Terms have been updated will constitute your binding acceptance of the updates. If you do not agree to any revised Terms, you may not access or use the Site.",当社裁量によって約款を変更できます。 本約款の変更事項を周期的に確認してください。 本約款のすべての変更事項は、当該約款が作成された日付に適用され、約款がアップデートされた後に続けてアクセスしたり使用することは、あなたの拘束力のあるアップデート受諾とみなされます。 改定された約款に同意しない場合は、サイトにアクセスしたりサイトを使用することはできません。
TERMS_TITLE9,9. 미성년자,9. Children,9. 子供
TERMS_DESC9,본 사이트는 미성년자의 이용이 금지되어있습니다. 본 사이트에 액세스하거나 DSC NFT를 구매하려면 만 19세 이상의 성년자이어야 합니다. 만 19세 미만의 미성년자의 경우 어떤 이유로든 이 사이트를 사용할 수 없습니다. 사이트에 액세스함으로써 귀하는 만 19세 이상의 성년자임을 인정하고 보증합니다.,"Our Site is not intended for children.  You must be at least 18 years old to access this Site or purchase a Mutant Ape. If you are under 18 years old you are not permitted to use this Site for any reason. By accessing the Site, you represent and warrant that you are at least 18 years of age.",当サイトは子供のためのものがありません。このサイトに接続したり、突然変異類人猿を購買するには18歳以上でなければなりません。貴下が18歳未満の場合どのような理由でも本サイトを使用できません。サイトにエクセスハムより、使用者は少なくとも18歳であることを示して保証します。
CONTEST_TITLE1,도지사운드 경연 규칙 🐶🎖💰,Provincial Governor's Sound Contest Rules 🐶🎖💰,ドッジサウンド競演ルール🐶🎖💰
CONTEST_DESC1,"5개 이상의 메이트를 사용하면 개소리 후보를 제출할 수 있습니다.(경연 상태가 후보 접수 중일 경우. 도지사운드 후보 예시 : 비트코인은 인류 최대의 뻘짓입니다. , DSC는 쓰레기를 수집합니다.) 최다 득표를 받은 도지사운드는 웹페이지 메인에 자동으로 게시됩니다. 후보 제출 또는 투표에 사용한 메이트는 해당 투표에서 다시 사용할 수 없습니다.Dogesound competiion은 클레이튼 체인 위에서 작동되는 개소리 경연입니다. 5개 이상의 메이트를 사용하면 개소리 후보를 제출할 수 있습니다. 최다 득표를 받은 도지사운드는 웹페이지 메인에 자동으로 게시됩니다. 사용한 메이트는 다음 회에 다시 사용할 수 있습니다. 도지사운드 후보 제출 또는 투표는 메이트 소유권에 일체 영향을 주지 않습니다. (개소리 예시 : 비트코인은 인류 최대의 뻘짓입니다. 또는 DSC가 좋아할만한 아무 문구)","If you use more than five mates, you can submit candidates for Gaesori (if the contest is still accepting candidates). Example of Dojisound candidate: Bitcoin is mankind's biggest blunder. , DSC collects garbage.) The provincial governor's sound with the most votes is automatically posted on the main page of the web page. Mates used for candidate submission or voting cannot be used again in that vote.Dogesound competition is a dog sound contest that runs on the Clayton chain. If you use more than five mates, you can submit candidates for Gaesori. The provincial governor sound with the most votes is automatically posted on the main page of the web page. The mate you used can be used again next time. Submission or voting of provincial governor sound candidates does not affect mate ownership at all. (Example: Bitcoin is humanity's biggest blooper. Or any phrase that DSC would like)",「5つ以上のメイトを使えば、犬の鳴き声の候補を提出できます」（競演状態が候補受付中の場合） ドッジサウンド候補例:ビットコインは人類最大の干潟です。 、DSC はゴミを収集します。）最多得票を得たドッジサウンドは、ウェブページのメインに自動的に掲示されます。 候補提出または投票に使用したメイトは、当該投票で再利用できません。Dogesound competiionはクレイトンチェーン上で作動する犬の鳴き声競演です。 5個以上のメイトを使えば、犬の鳴き声の候補を提出できます。 最多得票を得た道志サウンドは、ウェブページのメインに自動的に掲示されます。 使用したメイトは、次回に再利用できます。 都知事サウンドの候補提出または投票は、メイトの所有権に一切影響を与えません。 (犬の鳴き方の例:ビットコインは人類最大の干潟です。 またはDSCが喜びそうなフレーズ）
CONTEST_DESC2,* 도지사운드 후보 제출 또는 투표 활동은 메이트 소유권에 일체 영향을 주지 않습니다.,* The submission or voting of provincial governor's sound candidates has no effect on mate ownership.,*都知事サウンド候補の提出または投票活動は、メイトの所有権に一切影響を与えません。
CONTEST_DESC3,"경연은 365일 항시 가동됩니다. 경연은 총 3가지 단계(후보 접수 중, 투표 중, 휴식)로 구성되며, 일정한 시간 간격으로 상태가 전환되며 진행됩니다. 후보 접수는 1일(약 86,400 블록), 투표는 1일(약 86,400 블록), 휴식은 12일(약 1,036,800 블록)으로 2주를 주기로 한 사이클을 돌게 됩니다.

우승자의 도지사운드는 NFT화되어 우승자에게 전달됩니다. 아래 링크를 통해 기존 우승작들의 NFT를 확인해보시기 바랍니다!","The contest is always open 365 days a year. The contest consists of a total of three stages (receiving candidates, voting, and resting), and the status changes at regular time intervals. Candidates will be accepted every two weeks, 1 day (about 86,400 blocks), 1 day (about 86,400 blocks) for voting, and 12 days (about 1,036,800 blocks).

The winner's provincial governor sound will be NFTed and delivered to the winner. Please check the NFT of the existing winners through the link below!","競演は365日常時稼動されます。競演は計3つの候補受付中、投票のうち、休息)で構成されており、一定時間間隔で状態が転換され、進行されます。候補受付は1日(約86,400ブロック)、投票は1日(約86,400ブロック)、休憩は12日(約1,036,800ブロック)に2週間を与えることにしたサイクルを遠回りすることになります。

優勝者のドジサウンドはNFT化されて、優勝者に伝達されます。下記のリンクを通じて、従来の優勝作のNFTを確認してみてください!"
CONTEST_BUTTON,우승작 NFT 보기,The Winner's NFT,優勝作NFTを見る
CONTEST_TITLE2,도지사운드 역대 우승작 👑🚀✌️,The winner of Dojisound 👑🚀✌️,ドジサウンド歴代優勝作 👑🚀✌️
CONTEST_TITLE3,도지사운드 경연 현황판 🐶👍🎖,Do Governor Sound Contest Status Board 🐶👍🎖,ドッジサウンド競演現況板🐶👍🎖
CONTEST_TABLE_TITLE1,투표중,VOTING,投票中
CONTEST_TABLE_TITLE2,쉬는중,REST,休み中
CONTEST_TABLE_TITLE3,후보 접수중,Candidates accepted.,候補受付中
CONTEST_STATUS_BOARD_TITLE1,제 {number}회 경연 투표가 진행 중 입니다,The voting for the {number}nd contest is underway.,第{number}回競演投票が行われています。
CONTEST_STATUS_BOARD_DESC1,다음 단계까지 {block} 블록 남음,{block} blocks are left until the next stage.,次の段階まで{number}ブロック残る
CONTEST_STATUS_BOARD_DESC2,"- 지갑 주소 : 0xBC4CA0EdA7647A8aB7C2061c2E118A18a936f13D
- 보유 중인 메이트 수 : 3300 개
- 활용 가능 메이트 수 : 110 개
* 안심하세요! 투표 참여는 당신의 소유권에 전혀 영향을 주지 않습니다.","- Wallet Address: 0xBC4CA0EdA7647A8aB7C2061c2E118A18a936f13D
- Number of mates you have: 3300.
- AvaiLABEL mates: 110.
* Relax! Participation in voting does not affect your ownership at all.","- ウォレット アドレス : 0xBC4CA0EdA7647A8aB7C2061c2E118A18a936f13D
- 保有中のメイト数:3300個
- 活用可能メイト数 : 110個
*安心してください! 投票参加はあなたの所有権に全く影響を与えません。"
CONTEST_STATUS_BOARD_INPUT,개,EA,EA
CONTEST_STATUS_BOARD_DESC3,를 이용하여 ,Using that...,を利用して
CONTEST_STATUS_BOARD_BUTTON,투표하기,Let's vote.,投票する
CONTEST_STATUS_TITLE,진행중인 투표 도지사운드 후보들 :,Voting Dojisound candidates in progress:,実施中の投票都市サウンド候補:
CONTEST_STATUS_TABLE_TITLE1,투표,Voting,Voting
CONTEST_STATUS_TABLE_TITLE2,득표수,The number of votes.,The number of votes.
CONTEST_STATUS_TABLE_TITLE3,DOGESOUND,DOGESOUND,DOGESOUND
CONTEST_STATUS_TABLE_DESC1,제 {number}회 경연 투표가 종료되었습니다.,The {number}th contest vote has ended.,第{number}回競演投票が終了しました。
CONTEST_STATUS_TABLE_DESC2,채택된 도지사운드는 웹사이트 메인에 게시되었습니다,The adopted provincial sound was posted on the main page of the website.,採択された都知事ラウンドはウェブサイトのメインに掲示されました。
CONTEST_STATUS_TABLE_DESC3,다음 단계까지 {block} 블록 남음,There are {block} blocks left until the next stage.,次の段階まで{block}街区が残る
GOVERNANCE_TITLE1,GOVERNANCE 🐙🌵🌞,GOVERNANCE 🐙🌵🌞,GOVERNANCE 🐙🌵🌞
GOVERNANCE_DESC1,"메이트는 도지사운드클럽 거버넌스의 의결권을 나타냅니다. 제안을 하거나, 등록된 제안에 찬반을 메이트를 가진 만큼 투표할 수 있습니다. 제안을 생성하기 위해서는 건당 800 믹스를 소각해야하며, 투표율이 30%가 넘지 않으면, 찬반비율과 관계없이 해당 의제는 무효화됩니다.","Mate represents the voting rights of the governor's sound club governance. You can make a proposal or vote as much as you have a mate for or against a registered proposal. In order to create a proposal, 800 mixes per case must be incinerated, and if the turnout does not exceed 30%, the agenda will be invalidated regardless of the pros and cons ratio.",メートは、ドジサウンドクラブガバナンスの議決権を示します。提案をしたり、登録された提案についての賛否をメイトを持っただけに、投票することができます。提案を生成するためには件当り800ミックスを焼却しなければならず、投票率が30%が超えなければ、賛否の割合と関係なく、当該議題は無効化されます。
GOVERNANCE_BUTTON,제안 생성,Create suggestions,提案生成
GOVERNANCE_TITLE2,제안들 👑🚀✌️,Suggestions 👑🚀✌️,諸提案 👑🚀✌️
GOVERNANCE_TABLE_TITLE1,제안결과,PROPOSAL,提案の結果
GOVERNANCE_TABLE_TITLE2,DOGESOUND,DOGESOUND,DOGESOUND
GOVERNANCE_PROPOSAL_RESULT_FOR,지향,AGREEMENT,志向
GOVERNANCE_PROPOSAL_RESULT_AGAINST,지양,OPPOSITION,止揚
GOVERNANCE_PROPOSAL_CANCELED,취소,CANCELLATION,キャンセル
GOVERNANCE_PROPOSAL_VOTING,투표중,VOTING,VOTING
GOVERNANCE_PROPOSAL_RESULT_SAME,동률,SAME,SAME
GOVERNANCE_PROPOSAL_VOTE_AGAINST,AGAINST,AGAINST,AGAINST
GOVERNANCE_PROPOSAL_VOTE_FOR,FOR,FOR,FOR
GOVERNANCE_DESC2,채택된 도지사운드는 웹사이트 메인에 게시되었습니다,The adopted provincial sound was posted on the main page of the website.,採択された都知事ラウンドはウェブサイトのメインに掲示されました。
GOVERNANCE_DESC3,다음 단계까지 {block} 블록 남음,There are {block} blocks left until the next stage.,次の段階まで{block}街区が残る
GOVERNANCE_CREATE_INPUT_TITLE1,제안 생성툴,Suggestion generation tool.,提案生成ツール
GOVERNANCE_CREATE_INPUT_DESC1,제안 제목을 입력하세요,Please enter the title of the suggestion.,提案タイトルを入力してください。
GOVERNANCE_CREATE_INPUT_TITLE2,투표 기간,Voting period.,投票期間
GOVERNANCE_CREATE_INPUT_DESC2,투표 기간을 블록 단위로 입력해주세요,Please enter the voting period in blocks.,投票期間をブロック単位で入力してください。
GOVERNANCE_CREATE_INPUT_TITLE3,요약,Summary,要約
GOVERNANCE_CREATE_INPUT_DESC3,제안의 핵심적인 부분만 적어주세요,Please write down the key part of the proposal.,提案の核心的な部分だけ書いてください。
GOVERNANCE_CREATE_INPUT_TITLE4,본문,Text,本文
GOVERNANCE_CREATE_INPUT_DESC4,본문은 마크다운 문법을 사용하실 수 있습니다,You can use the grammar that's like mark.,本文はマークダウン文法を使うことができます
GOVERNANCE_CREATE_INPUT_DESC5,마크다운 문법 보기,MARK's grammar,マークらしい文法を見る。
GOVERNANCE_CREATE_INPUT_DESC6,제안을 설명해주세요,Please explain the suggestion.,提案を説明してください
GOVERNANCE_CREATE_INPUT_DESC7,비고,Remarks,備考
GOVERNANCE_CREATE_TITLE1,제안자,Proposer,提案者
GOVERNANCE_CREATE_DESC8,"- 지갑 주소 : 0xBC4CA0EdA7647A8aB7C2061c2E118A18a936f13D
- 보유 중인 메이트 수 : 3300 개
- 활용 가능 메이트 수 : 110 개
* 안심하세요! 투표 참여는 당신의 소유권에 전혀 영향을 주지 않습니다.","- Wallet Address: 0xBC4CA0EdA7647A8aB7C2061c2E118A18a936f13D
- Number of mates you have: 3300.
- AvaiLABEL mates: 110.
* Relax! Participation in voting does not affect your ownership at all.","- ウォレット アドレス : 0xBC4CA0EdA7647A8aB7C2061c2E118A18a936f13D
- 保有中のメイト数:3300個
- 活用可能メイト数 : 110個
*安心してください! 投票参加はあなたの所有権に全く影響を与えません。"
GOVERNANCE_CREATE_SELECT_TITLE1,메이트 선택,Choose your mate.,メート選択
GOVERNANCE_CREATE_SELECT_TITLE2,선택된 메이트 개수 : {number}개,Number of mates chosen: {number}.,選択したメイト数:{number}個
GOVERNANCE_CREATE_SELECT_TITLE3,전체선택,Sellect All,全体選択
GOVERNANCE_CREATE_CHECKBOX_DESC,"제출된 제안을 취소할 수 있지만, 수정할 수 없음에 동의합니다. 제안이 진행되는 기간동안 메이트가 거버넌스 계약 주소에 보관되는 것에 동의합니다. 이 인터페이스는 거버넌스를 위해 본인이 선택한 편리한 도구일뿐이며, 서명에 따른 모든 트랜잭션에 대한 결과에 대한 책임은 서명한 지갑 소유주에게 있음에 동의합니다.","I agree that the submitted proposal can be canceled, but it cannot be modified. I agree that the mate will be kept at the governance contract address during the period of the proposal. This interface is just a convenient tool of your choice for governance, and I agree that the owner of the wallet who signed it is responsible for the consequences of all transactions under the signature.",提出された提案を取り消すことができますが、修正できないことに同意します。 提案が進められる期間中、メイトがガバナンス契約住所に保管されることに同意します。 このインタフェースは、ガバナンスのために本人が選択した便利なツールであるだけであり、署名によるすべてのトランザクションの結果に対する責任は、署名したウォレットの所有者にあることに同意します。
GOVERNANCE_PROPOSAL_SUMMARY,요약,Summary,要約
GOVERNANCE_PROPOSAL_CONTENT,본문,Text,要約
GOVERNANCE_PROPOSAL_NOTE,비고,Remarks,備考
GOVERNANCE_PROPOSAL_PROPOSER,제안자,Proposer,提案者
HOLDER_TITLE1,LOGIN WITH KAIKAS/KLIP?,LOGIN WITH KAIKAS/KLIP?,LOGIN WITH KAIKAS/KLIP?
KLIP_POPUP_TITLE,QR 코드로 Klip 접속,Connect Klip via QR code,QRコードでKlipを接続する
KLIP_POPUP_DESC1,QR 코드 리더기 또는 카카오톡 앱을 통해 QR 코드를 스캔해주세요.,Please scan the QR code through a QR Code Reader or Kakao Talk Application,QRコードリーダーまたはカカオトークアプリでQRコードをスキャンしてください。
KLIP_POPUP_DESC2,카카오톡 실행 ▶ 상단 검색창 클릭 ▶ 코드 스캔 후 로그인,Run Kakao Talk Application ▶ Click the search bar on the top ▶ Scan the code to log in,カカオトークアプリケーションを実行▶上部の検索バーをクリック▶コードをスキャンしてログイン
KLIP_POPUP_DESC3,* Klip > 코드스캔 (사이드메뉴)에서도 스캔이 가능합니다.,"* You can also scan the at ""Code Scan"" from side menu of Klip","*Klipのサイドメニューの""CodeScan""でもスキャンできます。"
CONNECT_WALLET_TITLE,지갑 연결,Connect Wallet,接続ウォレット
CONNECT_WALLET_DESC,도지 사운드 클럽은 클레이튼 블록체인과의 연결이 필요합니다. 카이카스 혹은 카카오톡 클립에서 연결해주시기 바랍니다.,Doge Sound Club needs a connection with the Klayton blockchain. Please connect from Kaikas or Kakao Talk Klip.,DogeSoundClubはクレイトンブロックチェーンとの接続が必要です。 KaikasまたはKakaoTalkKlipから接続してください。
CONNECT_WALLET_BUTTON1,카이카스 연결,Connect Kaikas,Kaikasの接続
CONNECT_WALLET_BUTTON2,카카오톡 클립으로 연결,Connect with Kakao Talk Klip,Klipカカオトークでつながる
CONNECT_WALLET_BUTTON3,연결하지 않고 둘러보기,Explore without Wallet Connection,ウォレット接続なしでの探索
ENTER_BUTTON,ENTER,ENTER,ENTER
OPENSEA_BUTTON,OPENSEA,OPENSEA,OPENSEA
KLUBS_BUTTON,KLUBS,KLUBS,KLUBS
KAKAOTALK_BUTTON,Kakaotalk,Kakaotalk,Kakaotalk
KAKAOTALK_DESC,PASSWORD : 10000,PASSWORD : 10000,PASSWORD : 10000
DISCORD_BUTTON,Discord,Discord,Discord
TELEGRAM_BUTTON,Telegram,Telegram,Telegram
TWITTER_BUTTON,Twitter,Twitter,Twitter
INSTAGRAM_BUTTON,Instagram,Instagram,Instagram
MEDIUM_BUTTON,Medium,Medium,Medium
GITHUB_BUTTON,Github,Github,Github
YOUTUBE_BUTTON,Youtube,Youtube,Youtube
EMAIL_BUTTON,E-mail,E-mail,E-mail
EMAIL_DESC,support@dsclabel.co.kr,dogesoundclub @ gmail.com,dogesoundclub @ gmail.com
DOCS_BUTTON,Docs,Docs,Docs
REGISTER_BUTTON,등록하기,Register,Register
SUBMIT_BUTTON,제출하기,Submit,Submit
SAVE_BUTTON,저장하기,Save,Save
YES_BUTTON,▶YES,▶YES,▶YES
NO_BUTTON,NO,NO,NO
CONFIRM_BUTTON,확인,CONFIRM,CONFIRM
CANCEL_BUTTON,취소,CANCEL,CANCEL
VOTE_BUTTON,투표하기,VOTE,VOTE
MATES_DETAIL_TITLE,Mates #{id},Mates #{id},Mates #{id}
MATE_DETAIL_NAME_FORM_TITLE,메이트 이름 짓기 📛🐶😊,NAME YOUR MATE 📛🐶😊,相手に名前を付ける 📛🐶😊
MATE_DETAIL_NAME_FORM_DESCRIPTION,당신의 메이트에게 이름을 지어주세요. 아직 메이트의 이름이 없다면 기름값만 지불하고 이름을 지어주시면 됩니다. 하지만 변경을 하시려면 10마이크를 내셔야 합니다. 당신은 다른 동료와 같은 이름을 사용할 수 없습니다. 또한 메이트 이름을 삭제하려면 20 믹스가 필요합니다. 그리고 그 친구의 이름이 갤러리에 전시되어 있습니다.,"Please give your mate a name your mate. If you don't have a name for your mate yet, you can pay only for the gas and give him a name it. But to make a change, you have to pay 10 mix. You can't use the same name as any other mate. Also, 20 mix is required to delete the mate name. And the name of the mate is displayed in the gallery.",あなたの友達にあなたの友達の名前をつけてください。 まだ相手の名前がないなら、ガス代だけ払って名前をつけることができます。 しかし、変化を起こすためには、マイク10個を支払わなければなりません。 他の相手と同じ名前を使うことはははははははははははははははは。 また、メイト名を削除するには20のミックスが必要です。 そしてギャラリーに配偶者の名前が表示されます。
MATE_DETAIL_NAME_FORM_INPUT,메이트의 이름을 지어주세요,Please enter your Mate name.,相手の名前を入力してください。
MATE_DETAIL_NAME_FORM_TERMS,"나는 메이트 이름을 변경하려면, 10믹스를 지불해야 하고, 이름을 삭제하려면 20믹스를 지불해야 한다는 사실을 잘 이해하고 있으며 동의합니다. 나는 제출된 이름과 같이 제출된 정보(제출 당시 메이트 소유주의 지갑 주소 등) 공개에 따른 모든 책임을 온전히 홀로 지는 것에 동의합니다. 나는 클레이튼 블록체인에 접속하기 위해 내가 선택한 이 도구와 관련하여 어떤 책임도 타인에게 물을 수 없다는 것에 대해 동의합니다.","I understand and agree that if you want to change your mate's name, you have to pay 10 mix, and if you want to delete your name, you have to pay 20 mix. I agree to take full responsibility for the disclosure of the submitted information (such as the wallet address of the mate owner at the time of submission) alone. I agree that I cannot hold anyone responsible for this tool I chose to access the Clayton blockchain.",相手の名前を変えたいなら10micsを、名前を削除したいなら20micsを払わなければならないということを理解し、同意します。 提出された情報（提出時のメイトオーナーのウォレットアドレスなど）の開示についてのみ、私は全責任を負うことに同意します。 Claytonブロックチェーンにアクセスするために選択したこのツールの責任を誰にも負わせられないことに同意します。
MATE_DETAIL_NAME_FORM_SUBMIT,제출하기,SUBMIT,サミット
MATE_NAME_EXISTS_ERROR,이미 이름이 존재합니다.,The name already exists.,名前は既に存在します。
MATE_DETAIL_REMOVE_NAME_BUTTON,메이트 이름 삭제하기,Delete your mate's name.,相手の名前を削除します。
MATE_DETAIL_REMOVE_NAME_CONFIRM,메이트 이름 삭제하기,Delete your mate's name.,相手の名前を削除します。
MATE_DETAIL_SNS_FORM_TITLE,소셜 정보 추가하기 ℹ️🎖📻,ADD MY SOCIAL MEDIA INFO ℹ️🎖📻,ソーシャルメディア情報を追加ℹ︎🎖📻
MATE_DETAIL_SNS_FORM_DESCRIPTION,"귀하가 보유한 메이트에게 트위터, 인스타그램 아이디를 남길 수 있습니다. 아이디를 남기면 Follow Me 명단에 등록되며, 오픈씨 디스크립션을 통해 노출됩니다. 소셜 미디어의 프로필 사진을 메이트로 변경하고, Follow Me 명단의 트위터들을 팔로우 해보세요. 그들은 당신이 같은 커뮤니티의 일원임을 알아차리고 당신의 소셜 미디어 진출을 돕기 위해, 맞팔로우를 해줄 것입니다.","If you leave a Twitter or Instagram ID for your mate, they will be registered on the list below. Change your social media profile picture to Mate, and follow the Twitter list below. They will recognize that you are part of the same community and will follow you back to help you adapt on social media.",TwitterまたはInstagramのIDをパートナーに残すと、以下のリストに登録されます。 ソーシャルメディアのプロフィール写真をMateに変更し、以下のTwitterリストに従ってください。 彼らはあなたが同じコミュニティの一員であることを認識し、ソーシャルメディアでの適応を支援するためにフォローバックします。
MATE_DETAIL_SNS_FORM_TWITTER,트위터 ID를 입력해주세요,Please enter your Twitter ID.,TwitterIDを入力してください。
MATE_DETAIL_SNS_FORM_INSTAGRAM,인스타 ID를 입력해주세요,Please enter your Instagram ID.,インスタグラムのIDを入力してください。
MATE_DETAIL_SNS_FORM_INSTAGRAM_SUBMIT,제출하기,SUBMIT,サミット
MATE_DETAIL_SNS_FORM_TERMS,"* 저장 버튼을 클릭하면 이 웹 사이트 및 다른 플랫폼을 통한 소셜 미디어 계정 이름 공개에 동의하게 됩니다. 이 인터페이스는 Klaytn에 접속하기 위한 편리한 도구일 뿐이며, 나의 서명에 따른 거래 결과에 대한 책임은 전적으로 나에게 있습니다.","* By clicking the Save button, you agree to the disclosure of your social media account name through this website and other platforms. This interface is merely a convenient tool for accessing Klaytn, and I am solely responsible for the results of transactions resulting from my signature.",*[保存]ボタンをクリックすると、このWebサイトおよびその他のプラットフォームによるソーシャルメディアアカウント名の公開に同意したことになります。 このインターフェイスは、Klaytnにアクセスするための便利なツールに過ぎず、署名によるトランザクションの結果については、すべて私が責任を持っています
MATE_DETAIL_MESSAGE_FORM_TITLE,메세지 이름 지정,Name the message.,メッセージに名前を付けます
MATE_DETAIL_MESSAGE_FORM_DESCRIPTION,당신이 가지고 있는 MATE들에게 메시지를 남길 수 있습니다. 여러분은 하루에 한 번 짧은 일기나 메모를 남길 수 있습니다. 조심하세요! 일단 제출되면 일기는 클레이튼 블록체인에 기록돼 개발팀이 지울 수 없다. 어두운 이력을 남기지 않기 위해서는 신중해야 할 것이다. 그 일기는 다른 사람이 읽을 수 있습니다.,"You can leave a message to the MATEs you have. You can leave a short diary or note once a day. be careful! Once submitted, the diary is recorded on the Klaytn blockchain and cannot be erased by the development team. In order not to leave your dark history, you will have to be cautious. The diary can be read by others.",持っているMATEにメッセージを残すことができます。 1日に1回、短い日記やメモを残すことができます。気をつけてください！ いったん提出すれば、日記はクレイトンブロックチェーンに記録され、開発チームが消すことはできない。 暗い歴史を残さないためには気をつけなければならない。 その日記は他の人が読むことができる。
MATE_DETAIL_MESSAGE_FORM_INPUT,메세지 이름 지정,Name the message.,メッセージに名前を付けます
MATE_DETAIL_MESSAGE_FORM_TERMS,"일지를 제출한 블록체인은 조작이 불가능한 성격으로 알고 있다. 제출된 메시지, 제출 당시 MATE의 성명, 제출 당시 MATE 소유자의 지갑 주소 등 제출된 정보의 공개에 대한 모든 책임을 지는 것에 동의합니다. 내가 클레이튼 블록체인에 접속하기 위해 선택한 이 툴에 대해 책임을 물을 수 없다는 것에 동의한다.","As far as I know, the blockchain that submitted the diary is impossible to manipulate. I agree to take full responsibility for the disclosure of the submitted information, including the submitted message, the name of the MATE at the time of submission, and the wallet address of the MATE owner at the time of submission. I agree that I cannot be held accountable for this tool I chose to access the Clayton blockchain.",日記を提出したブロックチェーンは、私の知る限りでは操作が不可能です。 提出されたメッセージ、提出時のMATE名、提出時のMATE所有者のウォレットアドレスなど、提出された情報の開示については、すべての責任を負うことに同意します。 クレイトンブロックチェーンにアクセスするために選択したこのツールについて、私が責任を問われることはできないことに同意します
MATE_DETAIL_MESSAGE_FORM_SUBMIT,제출하기,SUBMIT,サミット
MATE_DETAIL_MESSAGE_NOT_READY_ERROR,메시지가 준비되지 않았습니다.,The message is not ready.,メッセージの準備ができていません
BMCS_TITLE,"생존한 메이트들의 은신처, BMCS",,
BMCS_DESC,"\n도지사운드클럽 메이트들이 NFT 트레이딩을 통해 슈퍼 리치가 되자, 이를 시기한 악당, AI 크로니움은 메이트들에게 독극물을 탄 위스키를 선물로 속여 마시게 만듭니다. 독극물을 마신 메이트들은 죽지 않았으나, 매우 긴 잠에 빠지게 되고, 크로니움은 메이트들이 잠에 빠진 동안 그들의 아지트인 도지사운드클럽을 철거하고, 블록체인 인프라를 모두 장악해버립니다. \n\n10년만에 잠에서 깨어난 메이트들은 재기하려고 하지만, 이상하게도 그들 대부분의 재산이 들어 있는 암호화폐 지갑의 니모닉 키가 도무지 기억나지 않습니다. AI 크로니움이 인터넷을 통해 자신들에게 접근하지 못하도록, 메이트들은 컴퓨터가 없어도 돈을 벌 수 있는 자전거 가게 BMCS를 운영하며 은신하며 지내고 있습니다. 메이트들은 신분을 숨기기 위해 더 이상 서로를 메이트라 부르지 않고, BIAS라고 부르고 있습니다. (BIAS는 '최애'라는 뜻을 가지고 있습니다.)",,
BMCS_KEYWORD_TITLE,BMCS를 이해하는 3개의 주요 키워드,,
BMCS_KEYWORD_TITLE1,1. 스트릿브랜드,,
BMCS_KEYWORD_DESC1,"BMCS는 온라인에 국한된 DSC의 web3 컬쳐를 오프라인에 전달하기 위해 기획되었습니다. 운영팀은 Biased Mate Cycle Shop에 대한 상표 출원(출원번호 : 4020220022423)을 완료하였습니다. 의류, 스케이트 보드, 나이트클럽, 와인, 신발, 피규어, 연예오락업, 영화제작업 등 9개의 업종을 대상으로 출원하였습니다. 간단한 온라인 굿즈샵을 시작으로 명품 브랜드와 협업 가능한 수준의 슈프림과 같은 스트릿 브랜드로 점진적으로 발전시켜나갈 것입니다.",,
BMCS_KEYWORD_TITLE2,2. 메타버스 범용 아바타,,
BMCS_KEYWORD_DESC2,"BMCS는 브랜드 파워가 온라인, 오프라인 양쪽에서 빌딩되도록 기획되었습니다. 현재 많은 기업들이 메타버스 제작에 참여하고 있습니다. 이로 인해 메타버스 컨텐츠에 대한 수요가 높아지는 것에 발 맞추어 픽셀, 복셀 타입의 아바타를 BMCS NFT에 연동하여 제공합니다. 초기 메타버스 플랫폼들에게 아바타 컨텐츠를 제공하여 커뮤니티 파워를 공유하고 활용치를 늘려가며, DSC/BMCS 커뮤니티 파워를 확장합니다. 픽셀, 복셀 양식은 다수의 메타버스 플랫폼에서 저비용으로 호환을 가능케하면서도 오랜 사랑을 받고 있는 검증된 디지털 아트 양식입니다. 유행을 타지 않는 것도 장점입니다.",,
BMCS_KEYWORD_TITLE3,3. 완전 온체인,,
BMCS_KEYWORD_DESC3,"No IPFS, No API. Just code. 외부 인프라가 아닌 이미지 데이터를 오직 코드를 통해 클레이튼 체인에 완전히 업로드함으로써, BMCS는 최상의 보안 수준을 갖춘 NFT로 제공됩니다.",,
BMCS_MATE_TITLE,BIAS,,
BMCS_VIBE_TITLE,BIAS CARD (MATES 홀더용),,
BMCS_VIBE_DESC,바이어스 카드덱 구성,,
BMCS_VIBE_CARD_TITLE1,루비 목걸이,,
BMCS_VIBE_CARD_DESC1,메이트의 바디 특성만을 이어 받고 나머지는 모두 바뀐 메이트인 바이어스를 생성하는데 사용됩니다.,,
BMCS_VIBE_CARD_TITLE2,사파이어 목걸이,,
BMCS_VIBE_CARD_DESC2,"메이트의 바디, 헤어, 눈 부위 특성을 유지한 채 재해석된 메이트인 바이어스를 생성하는데 사용됩니다.",,
BMCS_VIBE_CARD_TITLE3,독약,,
BMCS_VIBE_CARD_DESC3,"모든 특성이 바뀐 메이트, 뱀 형상의 바이어스를 얻는데 사용됩니다.",,
BMCS_VIBE_CARD_TITLE4,심해수,,
BMCS_VIBE_CARD_DESC4,"모든 특성이 바뀐 메이트, 범고래 형상의 바이어스를 얻습니다.",,
BMCS_VIBE_WARNING_TITLE,용도,,
BMCS_VIBE_WARNING_DESC,"본 페이지의 상단 SYNTHESIS 버튼을 이용하여, 메이트와 BIAS CARD를 합성하여 BIAS를 생성할 수 있습니다. 메이트는 그대로 남으며, 바이어스 카드는 소모됩니다. 암호화폐 믹스 예치금이 필요하며 6개월 후에 그대로 돌려받을 수 있습니다.",,
BMCS_ROADMAP_TITLE,Roadmap,,
BMCS_ROADMAP_DESC,"판매 진행률에 따라서, 운영팀은 아래 로드맵 항목들을 실행할 것입니다.",,
BMCS_ROADMAP_CARD_TITLE1,픽셀 아바타 제작 >,,
BMCS_ROADMAP_ALERT_TITLE1,000%\n 픽셀 아바타 제작,,
BMCS_ROADMAP_ALERT_DESC1,메타버스 범용 픽셀 아바타 제작을 시작합니다.,,
BMCS_ROADMAP_CARD_TITLE2,경험치 시스템 CYCLE 개발 >,,
BMCS_ROADMAP_ALERT_TITLE2,000%\n 경험치 시스템 CYCLE 개발,,
BMCS_ROADMAP_ALERT_DESC2,바이어스 홀딩 시 누적되는 경험치 CYCLE 을 구현합니다.,,
BMCS_ROADMAP_CARD_TITLE3,온라인 머천트샵 BMCS 개발 >,,
BMCS_ROADMAP_ALERT_TITLE3,010%\n 온라인 머천트샵 BMCS 개발,,
BMCS_ROADMAP_ALERT_DESC3,"BMCS 의류, 스티커등 굿즈샵을 개발합니다.",,
BMCS_ROADMAP_CARD_TITLE4,엔진 NFT 제작 >,,
BMCS_ROADMAP_ALERT_TITLE4,030%\n 엔진 NFT 제작,,
BMCS_ROADMAP_ALERT_DESC4,아이야스만의 전력 공급 엔진 NFT를 제작합니다.,,
BMCS_ROADMAP_CARD_TITLE5,셀럽 콜라보 음원 NFT 제작 >,,
BMCS_ROADMAP_ALERT_TITLE5,040%\n 셀럽 콜라보 음원 NFT 제작,,
BMCS_ROADMAP_ALERT_DESC5,바이어스 홀더는 음원 NFT 화이트리스트가 제공됩니다.,,
BMCS_ROADMAP_CARD_TITLE6,메타버스 힙합 공연 >,,
BMCS_ROADMAP_ALERT_TITLE6,050%\n 메타버스 힙합공연,,
BMCS_ROADMAP_ALERT_DESC6,BMCS 홀더 인증 셀럽과의 힙합 공연을 기획합니다.,,
BMCS_ROADMAP_CARD_TITLE7,믹스 토큰 에어 드랍 >,,
BMCS_ROADMAP_ALERT_TITLE7,060%\n 믹스 토큰 에어 드랍,,
BMCS_ROADMAP_ALERT_DESC7,3개월 동안 믹스채굴풀 2% 에어 드랍 진행합니다.,,
BMCS_ROADMAP_CARD_TITLE8,스트릿 브랜드로 상향 전환 개발 >,,
BMCS_ROADMAP_ALERT_TITLE8,070%\n 스트릿 브랜드로 상향 전환 개발,,
BMCS_ROADMAP_ALERT_DESC8,기존 굿즈샵을 스트릿 브랜드로 상향 전환 개발을 합니다.,,
BMCS_ROADMAP_CARD_TITLE9,복셀 아바타 제작 >,,
BMCS_ROADMAP_ALERT_TITLE9,080%\n 복셀 아바타 제작,,
BMCS_ROADMAP_ALERT_DESC9,BMCS 아이야스 복셀 아바타 제작합니다.,,
BMCS_ROADMAP_CARD_TITLE10,클레이튼-이더리움 브릿지 서비스 개발 >,,
BMCS_ROADMAP_ALERT_TITLE10,080%\n 클레이튼-이더리움 브릿지 서비스 개발,,
BMCS_ROADMAP_ALERT_DESC10,바이어스 이더리움 전송을 가능케해 이더리움 인프라 혜택을 누리게 합니다.,,
BMCS_ROADMAP_CARD_TITLE11,와인/위스키 주조 >,,
BMCS_ROADMAP_ALERT_TITLE11,090%\n 와인/위스키 주조,,
BMCS_ROADMAP_ALERT_DESC11,"민팅 90% 돌파 기념, 와인/위스키 주조를 시작합니다.",,
BMCS_ROADMAP_CARD_TITLE12,오프라인 아지트 개발 >,,
BMCS_ROADMAP_ALERT_TITLE12,100%\n 오프라인 아지트 개발,,
BMCS_ROADMAP_ALERT_DESC12,DSC/BMCS의 아이덴디티를 반영한 오프라인 아지트 개발합니다.,,
BMCS_ROADMAP_CARD_TITLE13,기부 및 파트너 커뮤니티 기여 활동 >,,
BMCS_ROADMAP_ALERT_TITLE13,"100%\n 모금액 중 3%를 휠체어 구입, 2.5%를 DSC 커뮤니티 토큰 믹스 구입 및 소각에 사용합니다.",,
BMCS_ROADMAP_ALERT_DESC13,,,
BMCS_ROADMAP_BUTTON,백서 보러 가기 >,,
BMCS_FAQ_TITLE1,민팅 일정은 어떻게 되나요?,,
BMCS_FAQ_TITLE2,카드 합성은 어떻게 하나요?,,
BMCS_FAQ_DESC2,"본 페이지의 상단 SYNTHESIS 버튼을 이용하여, 메이트와 BIAS CARD를 합성하여 BIAS를 생성할 수 있습니다. 메이트는 그대로 남으며, 바이어스 카드는 소모됩니다. 암호화폐 믹스 예치금이 필요하며 6개월 후에 그대로 돌려받을 수 있습니다.",,
BMCS_FAQ_TITLE3,AYIAS PIXEL이 뭔가요?,,
BMCS_FAQ_DESC3,AYIAS는 DSC에서 개발중인 PFP NFT의 픽셀 기반의 자체 메타버스입니다,,
BMCS_FAQ_TITLE4,BMCS NFT 획득방법 및 총 발행량,,
BMCS_FAQ_DESC4,1. 00000~09999번은 세일을 통해 3월 17일에 획득하실 수 있습니다.\n2. 10000~19999번은 재료(카드) 합성을 통해 4월 18일부터 획득할 수 있습니다.\n최대 발행량은 2만개입니다. ,,
LOCKABLE_TITLE,Lockable Contents,,
LOCKABLE_DESC1,본 NFT가 추가적으로 제공하는 컨텐츠들입니다.,,
LOCKABLE_TITLE1,AVATAR FOR PIXEL METAVERSE,,
LOCKABLE_TITLE2,-,,
LOCKABLE_TITLE3,-,,